"id","crm_detail","users_id","product_details_id","crm_lists_id","crm_position","created_at","updated_at"
"3","Wellnex (เสริมอาหาร) ชำระ 50% เเรกเเล้ว","13","","2","0","2023-02-14 03:59:06","2023-02-14 03:59:08"
"4","คุณอาร์+คุณหมอ นัดคุยเรื่องสร้างแบรนด์สกินแคร์ และขอคำแนะนำด้านการตลาดกับพี่เจล","16","","3","0","2023-02-15 02:40:24","2023-02-18 07:33:47"
"5","17/2/23 = 13.00","16","","3","0","2023-02-15 02:40:57","2023-02-18 07:33:48"
"6","รอ Revise ราคา Body white mask ใหม่","13","","5","0","2023-02-15 02:45:22","2023-02-15 06:13:33"
"7","ใบเสนอราคาการผลิต Body white mask","13","","5","0","2023-02-15 02:45:54","2023-02-16 07:51:38"
"8","1. ปรับสูตรครั้งที่ 2 เพิ่ม Orange oil + ลดคอส ฟิวไม่เหมือนสูตร 1 ได้คุยกับลูกค้าแล้ว","16","","6","0","2023-02-15 02:47:38","2023-02-23 10:18:01"
"9","2. ขั้นต่ำการผลิตแพ็กเกจแบบกลม ลูกค้าขอ 5000 ชิ้น รอพี่ปอยจิถาม Sup. ให้","16","","6","0","2023-02-15 02:48:32","2023-02-15 06:35:29"
"10","Rin\ Gluta (อาหารเสริม) รอชำระ 50%,13,NULL,5,1,2023-02-15 02:50:49,2023-02-15 02:50:49"
"11","1. วันศุกร์ที่ 17/2/23 ตามผลเรื่องสิวและกระชับรูขุมขนเพิ่มเติม","16","","7","0","2023-02-15 02:59:24","2023-02-18 07:34:11"
"12","1. ส่งเทส 1 (15/2/23)","16","","8","0","2023-02-15 03:02:45","2023-02-16 07:31:12"
"13","รอลูกค้าส่งเเพคเกจมาให้ตรวจ","13","","9","0","2023-02-15 06:14:17","2023-02-23 10:20:47"
"14","รอลูกค้าส่งเเพคเกจมาเพื่อผลิต","13","","9","0","2023-02-15 06:14:46","2023-03-09 08:46:00"
"15","Minimori จัดส่ง 15/2/23 ขวด 1113/ถุง120","13","","10","0","2023-02-15 07:20:14","2023-02-15 07:25:05"
"16","กันแดด สำหรับคนตีกอล์ฟ รออัพเดทผลสูตร 4","13","","10","0","2023-02-15 07:21:38","2023-03-09 08:49:54"
"17","รอส่ง สูตร 2 น้ำยาทำความสะอาดขวดนม","13","","10","0","2023-02-15 07:22:21","2023-02-18 09:40:45"
"18","รอชำระค่าพัฒนาสูตร","13","","11","0","2023-02-15 08:52:48","2023-02-21 06:51:16"
"19","รอผลิต Ahana สีทอง","13","","12","0","2023-02-15 08:55:20","2023-03-28 07:51:27"
"20","รอผลิต Ahana สีชมพู","13","","12","0","2023-02-15 08:55:35","2023-03-21 10:12:28"
"21","รอผล Nutrition test","13","","13","0","2023-02-15 09:02:54","2023-03-07 09:04:32"
"22","รอผลตรวจวิเคราะห์กรดอะมิโน","13","","13","0","2023-02-15 09:03:13","2023-03-07 09:04:33"
"23","รอปรับเเบบเพคเกจ","13","","13","0","2023-02-15 09:03:29","2023-03-13 06:31:34"
"24","รอผลิต","13","","13","1","2023-02-15 09:03:39","2023-02-15 09:03:39"
"25","รอส่งตัวอย่าง เจลหล่อลื่น","13","","14","0","2023-02-15 09:08:57","2023-02-22 07:40:49"
"26","รอส่งตัวอย่าง กำจัดขนจิมิ","13","","14","0","2023-02-15 09:09:57","2023-02-22 07:40:50"
"27","Rin\ body mask รอชำระ 50%,13,NULL,5,1,2023-02-16 07:52:06,2023-02-16 07:52:06"
"28","รอ 40-60 D","13","","12","0","2023-02-16 07:53:33","2023-03-07 09:03:59"
"29","cleansing pad ตามผล 20/2/23","13","","9","0","2023-02-17 01:37:30","2023-02-21 03:58:26"
"30","รอคอนเฟิมวันส่ง เจลแต้มสิว 2000ชิ้น","15","","15","0","2023-02-17 04:41:58","2023-02-25 07:47:01"
"31","ปรับสูตร3 เจลลดรอยดำ","15","","15","1","2023-02-17 04:42:42","2023-02-26 13:08:05"
"32","รอสรุปการปรับสูตร3 น้ำตบ จากลค","15","","15","1","2023-02-17 04:43:05","2023-02-17 04:43:05"
"33","ปรับสูตร2 กันแดด","15","","15","0","2023-02-17 04:43:17","2023-03-23 04:35:37"
"34","รอตัวอย่างหลอดแต้มสิว จากพี่ปอยจิ","15","","16","0","2023-02-17 04:46:13","2023-03-23 04:33:25"
"35","รอลคคอนเฟิมแบบแต้มสิว","15","","16","0","2023-02-17 04:46:32","2023-03-23 04:33:27"
"36","รอผลตรวจ Dermato แต้มสิว","15","","16","1","2023-02-17 04:46:47","2023-02-17 04:46:47"
"37","รออัพเดตวันส่ง แต้มสิว","15","","16","1","2023-02-17 04:47:10","2023-02-17 04:47:10"
"38","รออย เซรั่ม","15","","16","0","2023-02-17 04:48:14","2023-02-26 13:08:16"
"39","รอลคเซ็นใบเสนอราคา เซรั่ม","15","","16","0","2023-02-17 04:48:27","2023-02-17 04:49:00"
"40","รอคอนเฟิมแบบเซรั่ม","15","","16","0","2023-02-17 04:48:36","2023-04-17 02:43:33"
"41","รอผลตรวจ dermato เซรั่ม","15","","16","1","2023-02-17 04:48:46","2023-02-17 04:48:46"
"42","รอลคเซ็นใบเสนอราคา ล้างหน้า","15","","16","0","2023-02-17 04:49:12","2023-02-26 13:08:24"
"43","รอออกแบบ ล้างหน้า","15","","16","0","2023-02-17 04:49:22","2023-03-23 04:33:37"
"44","รอผลตรวจ dermato ล้างหน้า","15","","16","1","2023-02-17 04:49:37","2023-02-17 04:49:37"
"45","รอปรับสูตร6 โลชัน","15","","16","0","2023-02-17 04:49:51","2023-03-23 04:33:41"
"46","รอคอนเฟิมสูตร โลชัน","15","","16","0","2023-02-17 04:50:02","2023-03-23 04:33:44"
"47","ตามสรุปกันแดดจากลค","15","","16","0","2023-02-17 04:50:15","2023-03-23 04:33:49"
"48","สรุปเรื่องPK โลชันกับลค","15","","16","1","2023-02-17 04:50:32","2023-02-17 04:50:32"
"49","ปรับสูตร3 cleansing oil","15","","16","0","2023-02-17 04:50:52","2023-03-23 04:33:57"
"50","- ปรับเพิ่มเรื่องความชุ่มชื่นผิวฟูอิ่มน้ำเข้าไปอีกจากสูตรที่ 1 ดิวส่ง 4/03","16","","7","0","2023-02-18 07:37:26","2023-03-04 08:57:23"
"51","1. serumสีเเดง ปรับสูตร 3 เหมือนสูตรที่ 2 + เพิ่ม symsitive","16","","17","0","2023-02-18 08:33:36","2023-05-26 06:25:17"
"52","2. กันแดดน้องชมพู ปรับลดความมันหลังทา เกาะผิวมากกว่านี้ เนื้อเซ็ตตัวดีขึ้นกว่านี้ เหมือนมีฟิล์มเคลือบผิว เน้นย้ำเรื่อง ใช้แล้วไม่ระคายเคืองเหมือนสูตร5 เนื้อเกลี่ยง่ายเหมือนสูตร5","16","","17","0","2023-02-18 08:34:18","2023-03-29 08:34:44"
"53","3. กันแดดน้องเขียว ปรับเรื่องลดความเป็นคราบขาว เป็นขุย","16","","17","0","2023-02-18 08:34:52","2023-04-26 03:03:05"
"54","1. รอจ่ายเงินค่าพัฒนาสูตร","16","","4","0","2023-02-18 08:36:30","2023-02-22 02:26:06"
"55","1. รอส่งสูตรที่ 1 - 24/2/23","16","","18","0","2023-02-18 08:40:51","2023-02-25 02:41:29"
"56","1.ขึ้นสูตร2 ปรับต่อจากสูตร 1 เพิ่มสารสกัดที่ช่วยเรื่องความขาวกระจ่างใส ให้เห็นผลเร็วขึ้นอีก ❤ กลิ่น : แนวสปา/อโรม่า - ส่งเทส 10 หลอด 2/3/23","16","","19","0","2023-02-18 08:44:43","2023-04-05 02:19:39"
"57","1. ติดตามฟีดแบ็คเทส lifting X90 และอาหารเสริมการนอนหลับ","16","","20","0","2023-02-18 08:50:43","2023-05-08 10:47:01"
"58","ติดการผลการพัฒนาสูตร 1","14","","23","0","2023-02-18 23:40:33","2023-03-04 03:51:59"
"60","ติดตามผลการทานสูตร 2 แต่ต้องทานให้ครบ 1 เดือน","14","","24","1","2023-02-18 23:42:35","2023-02-18 23:42:35"
"62","ติดตามการจดอย. โรงงานแจ้งให้ลูกค้าทราบ","14","","25","1","2023-02-18 23:46:27","2023-02-18 23:46:27"
"63","ส่งตย.ครีมกำจัดขนจิมิสูตร 3 , เจลหล่อลื่นสูตร 1","14","","26","0","2023-02-18 23:49:50","2023-03-24 07:30:10"
"66","ส่งงาน re-work เรียบร้อย","14","","29","0","2023-02-19 00:03:27","2023-02-25 06:40:50"
"72","ลูกค้าขอพักการผลิตสินค้าไว้ก่อน เนื่องจากติดงานธุรกิจส่งออก","14","","34","0","2023-02-19 00:21:14","2023-03-04 04:27:59"
"73","-ติดตามผลการใช้ครีมกันแดด สูตร 4 ที่มีการปรับค่า SPF ให้สูงขึ้น","14","","35","0","2023-02-19 00:26:36","2023-03-28 10:21:34"
"75","สรุปราคาแพคเกจแจ้งลูกค้า","14","","36","0","2023-02-19 00:30:54","2023-03-28 10:32:49"
"76","ติดตามการพัฒนาสูตร 4 ปรับให้ทาแล้วจุกนมเปลี่ยนสี","14","","37","0","2023-02-19 00:37:37","2023-03-28 11:11:07"
"77","อาหารเสริมพัฒนาสูตร 4 ติดตามผลการทาน เพราะทานแล้วมีอาการคัน","14","","38","0","2023-02-19 01:25:42","2023-02-25 06:50:54"
"78","ติดตามการชำระน้ำหอมส่วนที่เหลือจากการผลิต","14","","39","1","2023-02-19 01:27:39","2023-02-19 01:27:39"
"79","ติดตามผลการใช้งานสูตร 5","14","","40","1","2023-02-19 01:55:23","2023-02-19 01:55:23"
"80","ติดตามผลการชิมเครื่องดื่มบำรุงกระดูก สูตร 5","14","","41","1","2023-02-19 01:59:52","2023-02-19 01:59:52"
"81","แนะนำให้ลูกค้าจ่ายค่าพัฒนาสูตร เพื่อพัฒนามาร์คให้ตรงกับความต้องการของลูกค้ามากที่สุด","14","","42","1","2023-02-19 02:03:02","2023-02-19 02:03:02"
"82","ติดตามการจัดส่งสินค้าตามแผนงานเดือน 2 และเดือน 3","14","","43","0","2023-02-19 02:10:21","2023-03-30 07:23:42"
"83","ติดตามผลหลังจากการแจ้งปรับราคาพร้อมขายลง 2 บาท/ชิ้น","14","","44","1","2023-02-19 02:18:07","2023-02-19 02:18:07"
"84","ติดตามการเข้าของแพคเกจตามกำหนดเพื่อเข้าไลน์ผลิต","14","","45","0","2023-02-19 02:21:15","2023-03-30 07:20:07"
"85","ทักทายสอบถามการผลิตใน lot. ต่อไป","14","","46","1","2023-02-19 02:23:20","2023-02-19 02:23:20"
"86","ทักทายสอบถามการผลิตสินค้า lot. ต่อไป","14","","47","1","2023-02-19 02:25:13","2023-02-19 02:25:13"
"87","ปรับสูตร 6 ให้มีการทานและกลับมาทานซ้ำ","14","","48","0","2023-02-19 02:28:49","2023-04-05 02:49:18"
"88","ติดตามผลอย. คาดว่าจะออกช่วงกลางเดือน 3","14","","49","0","2023-02-19 02:31:01","2023-03-28 10:47:04"
"89","ติดตามผลยื่นจดอย. คาดว่าจะออกกลางเดือน 3","14","","50","0","2023-02-19 02:36:29","2023-04-05 02:52:53"
"90","นัดสัมภาษณ์คุณเจล วันที่ 10/04/23 เวลา 14.00 น.","14","","50","0","2023-02-19 02:36:53","2023-04-11 10:46:16"
"91","ติดตามการเซ็นต์ confirm สูตร 4.1","14","","51","1","2023-02-19 02:40:45","2023-02-19 02:40:45"
"92","ติดตามผลหลังงานการใช้สูตร 3 ปรับความมันวาวลง","14","","52","1","2023-02-19 02:44:06","2023-02-19 02:44:06"
"93","ติดตามการพัฒนาสูตรต่อไป ลูกค้าค่อนข้างตอบกลับช้า","14","","53","0","2023-02-19 02:46:10","2023-03-28 10:56:51"
"94","ออกใบเสนอราคา 2 ใบ ทั้ง Matcha และ Vanilla 7,000 บาท/ใบ","14","","54","0","2023-02-19 02:57:02","2023-02-22 08:38:32"
"95","ส่งสไลด์ Collagen Happy","14","","54","0","2023-02-19 02:57:28","2023-02-22 08:40:27"
"96","ติดตามการส่งจดอย. แคปซูล Vcap plus","14","","55","1","2023-02-19 03:00:11","2023-03-30 07:25:17"
"97","ติดตามการชำระเงินค่าเนื้อ+บรรจุ เพื่อสั่งซื้อสารก่อน","14","","55","0","2023-02-19 03:00:49","2023-03-30 07:24:52"
"98","ติดตามสอบถามลูกค้าว่าสะดวกผลิตสินค้าช่วงไหน","14","","56","1","2023-02-19 03:09:46","2023-02-19 03:09:46"
"99","ติดตามการเซ็นต์ confirm 10 อีกครั้งเพราะมีการเพิ่มความชุ่มชื้น","14","","57","0","2023-02-19 03:16:49","2023-03-28 10:57:29"
"100","ติดตามสูตรทำสีตาม Benchmark สีเบอร์ 5","14","","57","0","2023-02-19 03:17:40","2023-04-11 10:04:45"
"101","ติดตามการชำระ tester sunscreen 100 ชิ้น สูตร 3","14","","58","0","2023-02-19 03:53:34","2023-04-05 03:18:25"
"102","ติดตามตย. ที่แกะสูตรจากจีน ที่ฝากส่งมาทางเจย์","14","","59","0","2023-02-19 03:56:32","2023-03-28 10:18:11"
"103","จัดส่งสินค้า 27/03/23","14","","60","0","2023-02-19 04:03:24","2023-03-30 07:36:46"
"104","ติดตามการผลิตสินค้า lot. ต่อไป","14","","61","1","2023-02-19 04:05:45","2023-02-19 04:05:45"
"105","ติดตามสอบถามเรื่องการผลิตสินค้า lot. ต่อไป","14","","62","1","2023-02-19 04:08:20","2023-02-19 04:08:20"
"106","ติดตามการสั่งสบู่ lot. ต่อไป","14","","63","1","2023-02-19 04:11:13","2023-02-19 04:11:13"
"107","ติดตามเรื่องรสชาติโปรตีนและปริมาณ/ซอง","14","","64","1","2023-02-19 04:17:00","2023-02-19 04:17:00"
"108","ติดตามการพัฒนาสูตร 4 ปรับความหวานลง","14","","65","0","2023-02-19 04:19:15","2023-02-22 08:42:47"
"109","ติดตามการยื่นจดอย.","14","","66","0","2023-02-19 04:21:50","2023-04-11 10:34:39"
"113","Rin\ Gluta body mask รอเซ็นสัญญาเเพคเกจ,13,NULL,5,1,2023-02-20 03:18:17,2023-02-20 03:18:17"
"114","รอ feedback shower gel","13","","69","0","2023-02-21 04:02:06","2023-03-07 09:04:57"
"115","รอ feedback powder lotion","13","","69","0","2023-02-21 04:02:26","2023-03-07 09:04:56"
"116","น้ำยาทำความสะอาดขวดนม สูตร2 รอผล","13","","10","0","2023-02-21 06:49:00","2023-02-28 10:09:46"
"117","ขึ้นสูตร1 18/2/23","13","","11","0","2023-02-21 06:50:53","2023-02-21 06:50:57"
"118","รอส่งตย.สูตร1","13","","11","0","2023-02-21 06:51:14","2023-02-28 10:09:35"
"119","ส่งตย.cleansing pad สูตร2","13","","9","0","2023-02-21 06:54:19","2023-02-23 10:21:04"
"120","เอกสารยื่นขออย.","13","","69","1","2023-02-21 07:17:09","2023-02-21 07:17:09"
"121","ส่งสไลด์และออกใบเสนอราคาเรียบร้อยแล้ว","14","","54","1","2023-02-22 02:44:20","2023-02-22 02:44:20"
"122","ติดตามการขอใบ freesale ทั้ง 2 รสชาติ ทั้งหมด 3 ประเทศ","14","","54","0","2023-02-22 02:44:49","2023-04-12 04:41:23"
"123","1.ขึ้นงานสูตรกันแดด สูตร1 22/2/23","16","","70","0","2023-02-22 03:55:05","2023-03-08 08:13:42"
"124","1. ขึ้นงานสูตรแรก ดิวส่ง 6/2/23","16","","71","0","2023-02-22 04:07:24","2023-03-08 08:14:26"
"125","รอ feedback เจลห่อลื่น","13","","14","0","2023-02-22 06:57:50","2023-03-29 03:16:08"
"126","รอfeed back กำจัดขน","13","","14","0","2023-02-22 07:40:47","2023-03-29 03:16:05"
"127","ติดตามการจัดส่งสินค้า M3 ให้ตรงตามกำหนด","14","","21","0","2023-02-22 08:16:14","2023-03-15 02:33:01"
"132","ปรับสูตร 2 -ตัดแคลเซียมและวิตามิน D ออก -ปรับลดกรดอะมิโนและแคลเซียมออก","14","","67","0","2023-02-22 08:42:35","2023-04-05 02:58:45"
"134","-ติดตามการปรับลดความหวานโกโก้ลง","14","","65","1","2023-02-22 08:43:33","2023-02-22 08:43:33"
"135","1. รอผลเทสครั้งที่ 2","16","","6","0","2023-02-23 10:18:33","2023-03-22 09:12:53"
"136","เอกสารยื่นอย.","13","","74","0","2023-02-23 10:18:33","2023-03-07 09:08:30"
"137","ยื่นจดอย.","13","","74","1","2023-02-23 10:18:41","2023-02-23 10:18:41"
"138","ตย.หลอดเพื่อเทสบรรจุ","13","","74","0","2023-02-23 10:19:09","2023-03-07 09:08:14"
"139","รอส่งตย.สูตร10(เพิ่มน้ำหอม)","13","","74","0","2023-02-23 10:19:44","2023-03-07 09:08:26"
"140","1. รอผลเทส1 กลางสัปดาห์หน้า","16","","8","0","2023-02-23 10:19:46","2023-03-04 08:59:17"
"141","รอส่งตย.สูตร1 (สีเบอร์5)","13","","74","0","2023-02-23 10:20:23","2023-03-07 09:08:25"
"142","รอเเก้เเบบเเพคเกจ&CFเเบบ","13","","9","0","2023-02-23 10:21:50","2023-02-28 10:10:34"
"143","1. รอฟีดแบคเทส 1 แชมพู","16","","75","0","2023-02-23 10:24:16","2023-03-14 04:21:44"
"144","ตามราคาเเพคเกจหลอดกันเเดด","13","","76","0","2023-02-23 10:24:22","2023-03-13 06:32:24"
"145","2. รอฟีดแบคเทส 1 oil บำรุงหนวด","16","","75","1","2023-02-23 10:24:34","2023-02-23 10:24:34"
"146","รอส่งตย.สูตร1","13","","76","0","2023-02-23 10:24:37","2023-03-07 09:11:42"
"147","3. รอฟีดแบคเทส 1 ครีมทาหน้า","16","","75","1","2023-02-23 10:24:48","2023-02-23 10:24:48"
"148","4. ตามสไลด์พี่ฝ้าย (เป็นภาษาอังกฤษ)","16","","75","0","2023-02-23 10:25:11","2023-03-29 04:14:32"
"149","รอส่งตย.Malt สูตร2","13","","78","0","2023-02-23 10:27:59","2023-03-07 09:14:58"
"150","รอส่งตย.mix berry สูตร1","13","","78","0","2023-02-23 10:28:16","2023-03-07 09:14:57"
"151","รอขึ้นตย.สูตร1","13","","79","1","2023-02-23 10:29:02","2023-02-23 10:29:02"
"152","Visit: 02/03/23","13","","80","0","2023-02-23 10:30:03","2023-03-07 09:21:36"
"153","1. ปรับสครับชมพู สูตร 5.1 กลิ่นชา / 5.2 กลิ่นฟรุ้ตตี้โยเกิร์ต","16","","81","0","2023-02-25 02:39:27","2023-03-25 07:46:30"
"154","2. ปรับสครับดำ ให้มีความละเอียดมากขึ้น","16","","81","0","2023-02-25 02:39:45","2023-03-29 04:13:50"
"155","4. ตามผล serum CBD 1/3/23","16","","17","0","2023-02-25 02:41:10","2023-03-29 03:24:32"
"156","2. ตามผล 28/2","16","","18","0","2023-02-25 02:41:57","2023-03-14 04:21:07"
"159","แบบแพคเกจสรุปแล้ว ส่งให้ลูกค้าเซ็นต์ confirm แบบ","14","","27","0","2023-02-25 06:40:25","2023-03-04 08:29:26"
"162","การยื่นเรื่องตอนนี้อยู่ที่ปศุสัตว์จังหวัด","14","","25","1","2023-02-25 06:43:30","2023-03-30 07:52:50"
"167","อัพเดทลูกค้าว่าเลขอย. Active อยู่ สามารถใช้งานได้หากลูกค้าต้องการผลิต","14","","34","1","2023-02-25 06:47:18","2023-02-25 06:47:18"
"168","ครีมกันแดดคุณหนึ่งให้ลูกค้า test อยู่ ยังไม่มี feedback กลับมา","14","","35","0","2023-02-25 06:48:05","2023-03-28 10:21:42"
"170","ติดตามการออกใบเสนอราคา ค่ากล่อง mock up กับลูกค้า","14","","36","0","2023-02-25 06:49:26","2023-04-05 03:21:15"
"171","ส่งตย.สูตร 4 เรียบร้อย ผลการ test มีการลอกบริเวณปานและหัวนม ทางลูกค้ารอสรุปว่าจะปรับหรือ confirm เลย","14","","37","0","2023-02-25 06:50:38","2023-03-28 11:11:08"
"172","คุณหนูสอบถามซื้อตย. ภาวะลำไส้รั่วสูตร 2 จำนวน 100 เม็ด แต่ยังไม่สั่ง","14","","38","1","2023-02-25 06:51:31","2023-02-25 06:51:31"
"173","ติดตามคุณหนูว่าจะพัฒนา เสริมอาหารต่อหรือจะพัฒนาตัวใหม่สำหรับผู้ที่มีอาการแพ้มากๆ เหมือนคุณหนู่","14","","38","1","2023-02-25 06:52:38","2023-02-25 06:52:38"
"174","222","15","","15","0","2023-02-26 13:07:15","2023-03-23 04:35:32"
"175","รอลคชำระเงิน ใบเสนอราคา ล้างหน้า","15","","16","0","2023-02-26 13:08:47","2023-03-23 04:33:59"
"176","Tester รส โคล่า Herb อย่างละ 20ซอง ด่วนๆๆๆ","15","","82","1","2023-02-26 13:21:20","2023-02-26 13:21:20"
"177","งานออกแบบ","15","","82","1","2023-02-26 13:21:27","2023-02-26 13:21:27"
"178","รอลูกค้าสรุปตัวที่จะทำ","15","","82","1","2023-02-26 13:21:46","2023-02-26 13:21:46"
"179","ราคากล่องทรงกระบอก","15","","82","1","2023-02-26 13:21:55","2023-02-26 13:21:55"
"180","ทำ memo AE","15","","82","1","2023-02-26 13:22:09","2023-02-26 13:22:09"
"181","Tester ทุกตัว","15","","83","1","2023-02-26 13:36:44","2023-02-26 13:36:44"
"182","สไลด์ ทุกตัว","15","","83","1","2023-02-26 13:36:54","2023-02-26 13:36:54"
"183","โน๊ต ทุกตัว","15","","83","1","2023-02-26 13:37:06","2023-02-26 13:37:06"
"184","ทำราคา ทุกตัว","15","","83","1","2023-02-26 13:37:13","2023-02-26 13:37:13"
"185","รอ feed back สูตร1","13","","11","0","2023-02-28 10:09:31","2023-03-14 03:55:55"
"186","ปรับสูตร 3 น้ำยาทำความสะอาดขวดนม","13","","10","0","2023-02-28 10:10:10","2023-03-09 08:49:27"
"187","รอส่งตย.น้ำยาล้างขวดนม สูตร3","13","","10","0","2023-02-28 10:10:27","2023-03-09 08:49:28"
"188","ติดตามการเข้าของซองสบู่อีก 3,000 ชิ้น 20/03/23","14","","21","0","2023-03-04 03:47:49","2023-03-24 07:18:25"
"189","ขวดเซรั่ม Aloe ใหญ่ เข้าวันที่ 07/03/23 จำนวน 32,609 ชิ้น \nจัดส่งเรียบร้อยค่ะ","14","","21","0","2023-03-04 03:48:17","2023-03-15 02:32:42"
"194","ติดตามการใช้งานจากลูกค้า","14","","26","0","2023-03-04 03:55:17","2023-03-30 07:49:52"
"195","คุณแก้มขอปรับสูตร 2 ปรับความมัน,ลดโทนอัพ,ซึมทราบเร็ว","14","","28","0","2023-03-04 04:16:22","2023-03-24 07:35:27"
"196","ติดตามตย. ส่งให้ลูกค้า ช่วงปลายอาทิตย์นี้","14","","28","0","2023-03-04 04:16:34","2023-03-24 07:35:29"
"197","ค้างส่ง 174 ชิ้น รอกระดาษเข้าเดือน 6 แล้วทำกล่องขึ้นใหม่ เพื่อส่งของให้ลูกค้า","14","","29","1","2023-03-04 04:17:57","2023-03-04 04:17:57"
"199","การจัดส่งสินค้า Lot.2 วันที่ 17/02/23 จำนวน 3,000 ชิ้น","14","","30","0","2023-03-04 04:19:29","2023-03-24 07:38:29"
"202","สอบถามลูกค้าว่าจะมีแพลนการผลิตช่วงไหน","14","","34","1","2023-03-04 04:28:19","2023-03-04 04:28:19"
"203","แจ้งลูกค้าในกลุ่มว่าหลอดมีการปรับราคาจาก 10 บาท เป็น 13 บาท/ชิ้น","14","","27","0","2023-03-04 08:31:24","2023-03-30 07:50:34"
"205","มีการแจ้งปรับสูตร 4 ราคาไม่เกิน 250 บาท/กิโล","14","","31","1","2023-03-04 08:34:56","2023-03-14 04:13:51"
"206","สูตร 4 ราคาไม่เกินกิโลละ 152 บาท/กิโล","14","","32","1","2023-03-04 08:36:22","2023-03-24 07:54:04"
"207","ติดตามผลครีมกันแดดสูตร 4 อีกครั้ง","14","","35","0","2023-03-04 08:39:11","2023-03-28 10:21:39"
"208","2.ส่ง 2 สูตร 2.1/2.2 รอผล 10/03","16","","7","0","2023-03-04 08:58:15","2023-03-22 02:59:45"
"209","2. รอผลเทส 1 - 15/03","16","","8","0","2023-03-04 08:59:38","2023-03-14 04:17:27"
"210","กล่อง aloe serum เข้าวันที่ 09/03/23 10,000 ชิ้น\nจัดส่งเรียบร้อยค่ะ","14","","21","0","2023-03-07 06:47:11","2023-03-15 02:32:52"
"211","ติดต่อลูกค้าได้แล้ว 07/03/23 ช่วงนี้ยุ่งกับกิจการที่บ้านอย","14","","23","1","2023-03-07 06:52:14","2023-03-07 06:52:14"
"212","ติดตามผลการทานสูตร 2","14","","24","0","2023-03-07 06:57:08","2023-03-25 09:37:39"
"214","ติดตามราคาเนื้อ+บรรจุกับคุณแพร","14","","27","0","2023-03-07 07:02:45","2023-03-24 07:31:15"
"215","พรุ่งนี้สอบถามพี่เอ๋ อีกครั้งเรื่อง test รสชาติ","14","","41","0","2023-03-07 07:28:21","2023-03-28 11:03:11"
"216","จัดส่ง 25/3/23","13","","12","0","2023-03-07 09:04:20","2023-03-28 07:51:29"
"217","รอสั่งซอง","13","","13","0","2023-03-07 09:04:42","2023-03-21 10:12:56"
"218","รอสั่งกล่อง","13","","13","0","2023-03-07 09:04:47","2023-03-21 10:12:53"
"219","รอปรับสูตร 4","13","","69","0","2023-03-07 09:05:59","2023-03-09 08:50:34"
"220","รอราคาสูตร11.2(สีNo.5)","13","","74","0","2023-03-07 09:09:07","2023-03-13 06:32:12"
"221","รอราคา11.1(สีขาว)","13","","74","0","2023-03-07 09:09:34","2023-03-13 06:32:15"
"222","รอปรับสูตร12 เพิ่มเรื่องความชุ่มชื่น","13","","74","0","2023-03-07 09:10:12","2023-03-22 02:29:10"
"223","ปรับสูตร 2","13","","76","0","2023-03-07 09:11:56","2023-03-28 07:56:02"
"224","ปรับสูตร3 malt P=20g/S45g","13","","78","0","2023-03-07 09:14:55","2023-03-22 02:24:29"
"225","ปรับสูตร2 Mix berry P=20/S45g","13","","78","0","2023-03-07 09:20:42","2023-03-22 02:24:30"
"226","ขอราคาทั้ง 2 สูตร","13","","78","0","2023-03-07 09:20:57","2023-03-23 01:33:47"
"227","ขึ้นสูตร1 เจลล้างหน้า/ครีมมอย/กันเเดด","13","","80","0","2023-03-07 09:21:34","2023-03-07 09:22:43"
"228","รอส่งตย.เจลล้างหน้า","13","","80","0","2023-03-07 09:21:54","2023-03-22 02:24:55"
"229","รอส่งตย.ครีมมอยส์","13","","80","0","2023-03-07 09:22:07","2023-03-22 02:24:56"
"230","รอส่งตย.กันเเดด","13","","80","0","2023-03-07 09:22:16","2023-03-28 08:33:49"
"231","สไลด์สารสกัดทั้ง 3 Product","13","","80","0","2023-03-07 09:22:37","2023-03-22 02:24:58"
"232","รอสรุปเเพคเกจ","13","","80","1","2023-03-07 09:23:01","2023-03-07 09:23:01"
"233","brief ออกเเบบกับลุกค้า","13","","80","1","2023-03-07 09:23:18","2023-03-07 09:23:18"
"234","เทส inhouse รอบ4 (หมิวกำลังปรับสูตร)","13","","85","0","2023-03-07 09:23:49","2023-04-04 10:21:22"
"235","รอส่งตย.สูตร1 ให้ลูกค้า","13","","85","0","2023-03-07 09:24:03","2023-04-04 10:21:40"
"236","2. ตามผลเทส 1-15/03","16","","70","0","2023-03-08 08:13:41","2023-03-14 04:21:32"
"237","2. รอตัวอย่างเทสครั้งที่ 2 ดิวส่ง 21/03","16","","71","0","2023-03-08 08:14:24","2023-03-28 07:58:40"
"238","รอผลิต","13","","9","0","2023-03-09 08:45:58","2023-03-13 06:29:12"
"239","รอส่ง 28/3/23","13","","9","0","2023-03-09 08:46:07","2023-03-23 01:32:40"
"240","รอสารเข้า 20/3/23","13","","13","0","2023-03-09 08:46:44","2023-03-21 10:12:52"
"241","รอCF สูตร2","13","","86","0","2023-03-09 08:48:24","2023-03-23 01:34:51"
"242","รอชำระค่าพัฒนาสูตร+จดอย","13","","86","0","2023-03-09 08:48:38","2023-03-18 07:39:15"
"243","รอออกเเบบ","13","","86","1","2023-03-09 08:48:49","2023-03-09 08:48:49"
"244","รอจดอย.","13","","86","0","2023-03-09 08:48:58","2023-03-29 03:16:31"
"245","รอfeedback น้ำยาล้างขวดนม","13","","10","1","2023-03-09 08:49:47","2023-03-09 08:49:47"
"246","ส่งปรับสูตร5","13","","10","0","2023-03-09 08:50:18","2023-03-13 06:30:42"
"247","ปรับสูตร 4 รอส่งตย.","13","","69","0","2023-03-09 08:51:05","2023-03-25 09:00:36"
"248","video+packshot","13","","9","1","2023-03-13 06:29:32","2023-03-13 06:29:32"
"249","กันเเดดรอปรับสูตร5","13","","10","0","2023-03-13 06:30:59","2023-03-24 08:14:30"
"250","รอเฟิร์ม PK","13","","13","0","2023-03-13 06:31:46","2023-03-21 10:12:55"
"251","รอส่งตย.สูตร2","13","","76","1","2023-03-13 06:32:40","2023-03-13 06:32:40"
"252","ขึ้นสูตร Plantbase+collagen (นับเป็นครัง2)","13","","11","0","2023-03-14 03:55:54","2023-04-06 08:30:21"
"253","รอส่งตย.plantbase","13","","11","0","2023-03-14 03:56:27","2023-04-06 08:30:22"
"254","ติดตามแพลนการสั่งสินค้ารอบต่อไป","14","","22","1","2023-03-14 04:04:08","2023-03-14 04:04:08"
"255","ติดตามใบเสนอราคา แพคเกจ 100,000 ชิ้น","14","","22","1","2023-03-14 04:04:25","2023-03-14 04:04:25"
"258","ผลจดอย. ออกแล้ว","14","","33","0","2023-03-14 04:16:15","2023-03-28 11:05:24"
"259","ผล Nutritiontest ออกแล้ว","14","","33","0","2023-03-14 04:16:30","2023-03-28 11:05:26"
"260","ผลตรวจ BCAA ออกแล้ว","14","","33","0","2023-03-14 04:16:49","2023-03-28 11:05:29"
"261","รอ confirm แบบแพคเกจ","14","","33","0","2023-03-14 04:17:08","2023-03-28 11:05:31"
"262","3. ปรับสูตร 2 - รอตัวอย่าง","16","","8","0","2023-03-14 04:17:25","2023-03-29 03:14:55"
"263","ติดตามการบรีฟ ออกแบบแพคเกจ","14","","37","1","2023-03-14 04:20:02","2023-03-14 04:20:02"
"264","3. ปรับสูตร 2 สี hope/05","16","","18","0","2023-03-14 04:21:05","2023-03-22 09:22:22"
"265","รอผล test จากคุณโดนัท เพราะได้ลองกับทีมงานท่านอื่นด้วยค่ะ","14","","40","1","2023-03-14 04:21:24","2023-03-14 04:21:24"
"266","3. รอแจ้งปรับสูตร 2","16","","70","0","2023-03-14 04:21:30","2023-03-22 09:23:57"
"267","รอเฟิร์มชื่อ 2 ผลิตภัณฑ์","13","","69","1","2023-03-14 04:22:35","2023-03-14 04:22:35"
"268","5. รอเทส 2 แชมพู 23/03","16","","75","0","2023-03-14 04:23:03","2023-03-28 08:39:41"
"270","ลูกค้าเซ็นต์ confirm สูตรแล้ว รอจดอย. แล้วค่อยผลิต","14","","48","1","2023-03-14 04:28:57","2023-03-14 04:28:57"
"272","สรุปจำนวนการจัดส่งในวันที่ 21/03/23","14","","68","0","2023-03-14 04:38:06","2023-04-05 03:03:07"
"275","รอลูกค้าเซ็นเเบบPK","13","","87","0","2023-03-15 04:00:14","2023-03-21 10:09:36"
"276","รอสั่ง PK","13","","87","0","2023-03-15 04:00:30","2023-03-21 10:09:38"
"277","รอเข้าไลน์ผลิต 3/4/23","13","","87","1","2023-03-15 04:00:56","2023-03-15 04:00:56"
"278","รอvideoไลน์ผลิต+ภาพpackshot","13","","87","1","2023-03-15 04:01:33","2023-03-15 04:01:33"
"279","จัดส่ง 20/3/23","13","","87","1","2023-03-15 04:01:47","2023-03-15 04:01:47"
"280","รอพี่เเพรตีราคา","13","","86","0","2023-03-21 10:09:30","2023-03-23 01:34:54"
"281","ขึ้นตย.น้ำยาล้างขวดนมใหม่ ส่งใหม่(ขนส่งตกหล่น)"
"282","ส่งสินค้า 19/4/23","13","","13","1","2023-03-21 10:14:20","2023-03-21 10:14:20"
"283","รอชื่อ+เอกสารจดอย.","13","","78","1","2023-03-22 02:24:09","2023-03-22 02:24:09"
"284","รอCF สูตร","13","","78","1","2023-03-22 02:24:22","2023-03-22 02:24:22"
"285","รอลูกค้าออกเเบบPK","13","","78","1","2023-03-22 02:24:48","2023-03-22 02:24:48"
"286","รอfeedbackเจลล้างหน้า+ครีม","13","","80","0","2023-03-22 02:25:18","2023-04-04 06:13:52"
"287","รอสั่งtesterอย่างละ200ซอง","13","","78","0","2023-03-22 02:26:02","2023-03-25 08:57:31"
"288","รอfeedbackสูตร12.1","13","","74","0","2023-03-22 02:29:39","2023-03-28 07:50:35"
"289","รอCFสูตร 2ตัว","13","","74","1","2023-03-22 02:30:02","2023-03-22 02:30:02"
"290","รอลคชำระเงินค่าพัฒนาสูตร","15","","88","0","2023-03-22 02:35:32","2023-04-05 09:48:41"
"291","รอRDปรับสูตร2 แชมพู","15","","89","1","2023-03-22 02:36:46","2023-03-22 02:36:46"
"292","ตามฟีดแบคกันแดดสูตร1","15","","89","0","2023-03-22 02:38:14","2023-03-25 08:17:06"
"293","ตามฟีดแบค โปรตีนสูตร2","15","","90","1","2023-03-22 02:39:26","2023-03-22 02:39:26"
"294","รอRDปรับสูตร4 ล้างหน้า","15","","91","1","2023-03-22 02:42:25","2023-03-22 02:42:25"
"295","รอฟีดแบคกันแดด อีกทีนึง","15","","91","1","2023-03-22 02:43:16","2023-03-22 02:43:16"
"296","รอสรุปมาส์กสูตร5","15","","92","1","2023-03-22 02:45:19","2023-03-22 02:45:19"
"297","รอแผ่น bio จากพี่ปอยจิ","15","","92","1","2023-03-22 02:45:30","2023-03-22 02:45:30"
"298","ตามสูตรชาลดบวม สูตร2 กับ RD","15","","93","1","2023-03-22 02:49:09","2023-03-22 02:49:09"
"299","ตามลคจ่ายค่าพัฒนาสูตร ยาสีฟัน","15","","93","1","2023-03-22 02:49:51","2023-03-22 02:49:51"
"300","ตามฟีดแบค สรุปสูตรยาสีฟัน","15","","93","1","2023-03-22 02:50:51","2023-03-22 02:50:51"
"301","ตามฟีดแบค น้ำยาบ้วนปาก","15","","93","1","2023-03-22 02:51:03","2023-03-22 02:51:03"
"302","ตามสูตรกันแดด ที่เอามาแกะกับพี่มอส","15","","93","1","2023-03-22 02:51:22","2023-03-22 02:51:22"
"303","ตามลคจ่ายมัดจำ มาการิต้า","15","","93","0","2023-03-22 02:51:37","2023-03-25 08:21:45"
"304","2. ส่งดราฟออกแบบครั้งที่ 1 รอแจ้งกลับ","16","","6","0","2023-03-22 02:59:22","2023-03-22 09:13:08"
"305","3. รอฟีดแบค 2.1/2.2 เพิ่มเติม","16","","7","0","2023-03-22 03:00:08","2023-06-07 06:15:08"
"306","ตามฟีดแบคดีท๊อกสูตร6","15","","94","1","2023-03-22 03:08:24","2023-03-22 03:08:24"
"307","ตามมัดจำ coconut oil lot4","15","","94","1","2023-03-22 03:08:34","2023-03-22 03:08:34"
"308","กาแฟ โกโก้ หลังล๊อต6 จะเปลี่ยนขนาดห่อ","15","","94","1","2023-03-22 03:08:53","2023-03-22 03:08:53"
"309","ตามฟีดแบค สูตรA B","15","","95","1","2023-03-22 03:10:04","2023-03-22 03:10:04"
"310","ตามแผนการจัดส่งต่อ","15","","95","1","2023-03-22 03:10:19","2023-03-22 03:10:19"
"311","รอสรุปการออกแบบ กับ คุณแชมป์","15","","96","1","2023-03-22 03:12:16","2023-03-22 03:12:16"
"312","รอวิดิโอ เซรั่ม","15","","97","1","2023-03-22 08:35:42","2023-03-22 08:35:42"
"313","รอ packshot wash","15","","97","1","2023-03-22 08:35:54","2023-03-22 08:35:54"
"314","รอวิดิโอ wash","15","","97","1","2023-03-22 08:36:09","2023-03-22 08:36:09"
"315","รอสรุปปรับสูตร5จากแม็ค","15","","98","0","2023-03-22 08:37:06","2023-03-25 08:56:49"
"316","5. รอแก้ไขแบบครั้งที่ 1","16","","6","0","2023-03-22 09:13:59","2023-03-25 02:47:53"
"317","****สูตร 2 ลูกค้าโอเคแล้ว***","16","","6","0","2023-03-22 09:14:21","2023-03-22 09:14:23"
"318","5. ตามกันแดดไฮบริดสูตร 2","16","","17","0","2023-03-22 09:20:46","2023-03-22 09:20:48"
"319","4. ตามผลเทส2 - 27/03","16","","18","0","2023-03-22 09:22:53","2023-04-04 04:25:51"
"320","4.ส่งเทสสูตร2 - 28/03","16","","70","0","2023-03-22 09:25:40","2023-03-28 08:33:16"
"321","รอชำระ50%หลัง (สีชมพู)","13","","12","0","2023-03-23 01:33:27","2023-03-28 07:51:31"
"322","รอซอง+กล่อง 31/3/23","13","","87","1","2023-03-23 01:34:46","2023-03-23 01:34:46"
"323","หาsecond souse PK","13","","86","1","2023-03-23 01:35:12","2023-03-23 01:35:12"
"324","1. เจลล้างหน้า = รอซัพส่งตัวอย่างขวดมาให้ (ตามพี่ปอย จิ)","16","","99","0","2023-03-23 01:53:48","2023-04-20 08:27:18"
"326","2. สตก. เจลล้างหน้ามา 31/03","16","","99","0","2023-03-23 01:55:45","2023-04-05 04:36:20"
"327","3. เจลแต้มสิว = รอคอนเฟิมแบบ","16","","99","0","2023-03-23 01:56:22","2023-04-05 04:35:36"
"328","4. หลอดสกรีนเจลแต้มสิวสั่งผลิตแล้วมาช่วงสิ้นเดือน","16","","99","0","2023-03-23 01:58:02","2023-04-27 04:56:45"
"329","5. เจลแต้มสิวรอคอนเฟิมแบบกล่อง","16","","99","0","2023-03-23 02:00:51","2023-04-05 04:36:26"
"330","6. โทนอัปรอ RD สรุปสูตร","16","","99","0","2023-03-23 02:05:54","2023-04-05 04:31:58"
"331","7. รอเทสหลอด 5 ชั้น โทนอัป","16","","99","0","2023-03-23 02:06:31","2023-04-27 04:56:51"
"332","รอสรุปเรื่องชวดล้างหน้า จากพี่ปอยจิ","15","","16","0","2023-03-23 04:34:18","2023-04-17 02:43:37"
"333","ราคาพร้อมขายไฟเบอร์","15","","100","1","2023-03-23 04:34:50","2023-03-23 04:34:50"
"334","อย ไฟเบอร์","15","","100","1","2023-03-23 04:34:56","2023-03-23 04:34:56"
"335","ออกแบบไฟเบอร์","15","","100","1","2023-03-23 04:35:01","2023-03-23 04:35:01"
"336","วันส่ง คอลลาเจน","15","","100","1","2023-03-23 04:35:13","2023-03-23 04:35:13"
"337","ขึ้นสูตร1 กันแดดไฮบริด","15","","15","1","2023-03-23 04:35:48","2023-03-23 04:35:48"
"338","ขึ้นสูตร1 คลีนซิ่งวอเตอร์","15","","15","1","2023-03-23 04:35:58","2023-03-23 04:35:58"
"339","ตามกล่อง สครับ","15","","101","1","2023-03-24 02:31:04","2023-03-24 02:31:04"
"340","ตาม สตก+กล่อง กันแดด","15","","101","1","2023-03-24 02:31:34","2023-03-24 02:31:34"
"341","รูป pachshot สครับ","15","","101","1","2023-03-24 02:31:45","2023-03-24 02:31:45"
"342","รูป packshot กันแดด","15","","101","1","2023-03-24 02:31:53","2023-03-24 02:31:53"
"343","สรุปการปรับสูตร ให้สอดคล้องกับราคา กับลค","15","","102","1","2023-03-24 02:32:43","2023-03-24 02:32:43"
"344","ตามลูกค้าอีกที เดือน4","15","","103","1","2023-03-24 02:33:31","2023-03-24 02:33:31"
"345","ตามสรุปฟีดแบค สูตรทุกตัว","15","","104","1","2023-03-24 02:34:26","2023-03-24 02:34:26"
"346","รอคอนเฟิมวันส่งให้ลค","15","","104","1","2023-03-24 02:34:36","2023-03-24 02:34:36"
"347","ตามข้อมูล ชื่อ จดอย จากลค","15","","105","1","2023-03-24 02:35:33","2023-03-24 02:35:33"
"348","ตามเรื่องออกแบบกับลค","15","","105","1","2023-03-24 02:35:41","2023-03-24 02:35:41"
"349","ตาม ล๊อต3 ให้ลคมัดจำ","15","","106","1","2023-03-24 02:36:46","2023-03-24 02:36:46"
"350","ปรับสูตรสครับ เอาสูตร2มาใส่กลิ่น dry skin","15","","107","1","2023-03-24 02:38:17","2023-03-24 02:38:17"
"351","ปรับสูตรโลชัน พี่แพรจะเอา ref มาให้","15","","107","1","2023-03-24 02:38:35","2023-03-24 02:38:35"
"352","รอคอนเฟิมวันส่ง 6ตัวย่อย","15","","107","1","2023-03-24 02:38:51","2023-03-24 02:38:51"
"353","รอคอนเฟิมวันส่ง Toner","15","","107","1","2023-03-24 02:39:00","2023-03-24 02:39:00"
"354","ตามสูตร Toner กับพี่แป๋ง","15","","107","1","2023-03-24 02:39:14","2023-03-24 02:39:14"
"355","คุยกับลค เรื่อง ไปรับครีม","15","","107","1","2023-03-24 02:39:50","2023-03-24 02:39:50"
"356","ตาม แบบสตก+กล่อง โทนเนอร์ ให้ลคเร่งคอนเฟิม","15","","107","1","2023-03-24 02:40:15","2023-03-24 02:40:15"
"357","ตามพี่มอสปรับสูตร3 body oil","15","","108","1","2023-03-24 02:42:10","2023-03-24 02:42:10"
"358","ตามลค สรุป body serum","15","","108","1","2023-03-24 02:42:34","2023-03-24 02:42:34"
"359","เริ่มดำเนินการ ออกแบบ ออย","15","","108","1","2023-03-24 02:42:50","2023-03-24 02:42:50"
"360","เช็คกับ RD ว่า Body oil เคลมอะไรได้บ้าง","15","","108","1","2023-03-24 02:44:12","2023-03-24 02:44:12"
"361","ตามเรื่อง ออย ล๊อต2","15","","109","1","2023-03-24 02:48:27","2023-03-24 02:48:27"
"362","ตามอัพเดต กันแดด","15","","109","1","2023-03-24 02:48:36","2023-03-24 02:48:36"
"363","ตามอัพเดต ว่าจะพัฒนาสูตรเลยมั้ย","15","","110","1","2023-03-24 02:49:27","2023-03-24 02:49:27"
"364","โทรหาลค สรุปเรื่อง spf อีกทีนึง","15","","111","1","2023-03-24 03:19:44","2023-03-24 03:19:44"
"365","Tester ชาไทย20ซอง ตามพี่มอส","15","","112","1","2023-03-24 03:23:01","2023-03-24 03:23:01"
"366","ราคาชาไทย","15","","112","1","2023-03-24 03:23:07","2023-03-24 03:23:07"
"367","ราคาชาเขียว","15","","112","1","2023-03-24 03:23:11","2023-03-24 03:23:11"
"368","ราคาลิป จากพี่แพร","15","","112","1","2023-03-24 03:23:22","2023-03-24 03:23:22"
"369","ตามล๊อต2","15","","113","1","2023-03-24 03:24:29","2023-03-24 03:24:29"
"370","ตามลคเรื่องการผลิต","15","","114","1","2023-03-24 03:25:19","2023-03-24 03:25:19"
"371","ตามเรื่องล๊อตต่อไป","15","","115","1","2023-03-24 03:26:20","2023-03-24 03:26:20"
"372","รอลคจ่ายเงินค่าเทสเตอร์","15","","116","0","2023-03-24 03:54:00","2023-03-25 08:58:48"
"373","รอคอนเฟิมวันส่งให้ลค","15","","116","1","2023-03-24 03:54:08","2023-03-24 03:54:08"
"374","รอส่งเทสเตอร์","15","","116","1","2023-03-24 03:56:11","2023-03-24 03:56:11"
"375","รอลคส่งเอกสารผู้ว่าจ้างกลับ","15","","116","1","2023-03-24 03:56:25","2023-03-24 03:56:25"
"376","รอเอกสาร ฮาลาล","15","","116","1","2023-03-24 03:56:33","2023-03-24 03:56:33"
"377","สรุปกับลคเรื่องสตกราคา","15","","117","1","2023-03-24 03:58:28","2023-03-24 03:58:28"
"378","รอคอนเฟิมวันส่งให้ลค","15","","117","1","2023-03-24 03:58:35","2023-03-24 03:58:35"
"379","ขึ้นสูตร1 24/3/23","13","","119","0","2023-03-24 04:33:05","2023-03-24 04:36:46"
"380","รอส่งตย.สูตร1  7/4/23","13","","119","1","2023-03-24 04:35:01","2023-03-24 04:35:01"
"381","รอสรุปเเพคเกจ","13","","119","1","2023-03-24 04:36:43","2023-03-24 04:36:43"
"382","รอสไลด์สารสกัด","13","","119","1","2023-03-24 04:37:28","2023-03-24 04:37:28"
"383","ติดตามแพลนการส่งสินค้าเดือน 5","14","","21","0","2023-03-24 07:18:48","2023-04-11 10:28:57"
"384","จัดส่งสินค้า 2,004 ชิ้น วันที่ 24/03/23 ทาง flash","14","","25","0","2023-03-24 07:23:32","2023-03-30 07:53:17"
"385","เก็บมัดจำ Lot.4 50% แรก","14","","25","0","2023-03-24 07:24:28","2023-03-30 07:53:23"
"386","ปรับสูตร 4 เพิ่มการกำจัดขน ปรับกลิ่นฉุนให้เบาลง","14","","26","1","2023-03-24 07:29:47","2023-03-30 07:49:58"
"387","รอสรุปการนำเข้าอุปกรณ์","13","","120","1","2023-03-24 07:30:02","2023-03-24 07:30:02"
"388","รอลูกค้าออกแบบ","13","","120","0","2023-03-24 07:30:30","2023-04-06 08:28:41"
"389","รอCFสูตร","13","","120","0","2023-03-24 07:30:36","2023-03-28 07:55:29"
"390","รอfeedbackสูตร1","13","","120","0","2023-03-24 07:30:49","2023-03-28 07:55:31"
"391","รอเอกสารจดอย.","13","","120","0","2023-03-24 07:30:57","2023-03-28 07:55:36"
"392","รอขวดเทสบรรจุ","13","","120","0","2023-03-24 07:31:12","2023-03-28 07:55:46"
"393","ออกแบบแพคเกจในแบบกระปุก","14","","27","1","2023-03-24 07:32:14","2023-03-24 07:32:14"
"394","ติดตามการปรับสูตร 3","14","","28","0","2023-03-24 07:35:39","2023-04-12 04:32:00"
"395","สินค้า 500 ชิ้น ของ lot.1 ที่ลูกค้าขายไปเนื้อ leak แยกชั้น","14","","29","1","2023-03-24 07:37:25","2023-03-24 07:37:25"
"396","รง. รับเคลมสินค้า 500 ชิ้นให้ลูกค้า","14","","29","1","2023-03-24 07:37:48","2023-03-24 07:37:48"
"397","ติดตามผลหลังการส่งสินค้า lot.2 เพื่อรักษาฐานลูกค้า","14","","30","1","2023-03-24 07:39:40","2023-03-24 07:39:40"
"398","ติดตามตย. สูตร 4 ก่อนสิ้นเดือนนี้","14","","31","0","2023-03-24 07:53:43","2023-04-11 10:43:15"
"399","ติดตามผล test สูตร 4","14","","32","0","2023-03-24 07:59:39","2023-04-11 10:52:50"
"400","รอคอนเซปผลิตภัณฑ์","13","","121","1","2023-03-24 08:05:07","2023-03-24 08:05:07"
"401","รอจ่ายค่าพัฒนาสูตร","13","","122","1","2023-03-24 08:06:13","2023-03-24 08:06:13"
"402","รอสรุปผลิตภัณฑ์","13","","122","1","2023-03-24 08:06:25","2023-03-24 08:06:25"
"403","รอส่งตย.shotdrink 10ซอง","13","","123","0","2023-03-24 08:07:50","2023-03-25 08:59:42"
"404","ขึ้นสูตรตย.shotdrink","13","","123","0","2023-03-24 08:08:07","2023-03-24 08:08:08"
"405","รอจัดส่ง 2300ชิ้น 27/3/23","13","","124","0","2023-03-24 08:09:02","2023-03-28 08:02:01"
"406","รอจัดส่ง 2300ชิ้น 27/3/23","13","","125","0","2023-03-24 08:10:00","2023-04-06 08:28:19"
"407","ปรับสูตร5","13","","126","1","2023-03-24 08:18:56","2023-03-24 08:18:56"
"408","รอส่งตย.สูตร5 29/3/23","13","","126","1","2023-03-24 08:19:10","2023-03-24 08:19:10"
"409","รอส่งตย.สูตร4","13","","127","1","2023-03-24 08:56:35","2023-03-24 08:56:35"
"410","6. รอแก้ไขแบบครั้งที่ 2","16","","6","0","2023-03-25 02:48:12","2023-03-29 03:50:19"
"411","ปรับแบบกล่อง มีตราPari","12","","128","0","2023-03-25 02:56:31","2023-03-25 02:57:09"
"412","กล่องเข้า 10,000 ชิ้น","12","","128","0","2023-03-25 02:56:38","2023-03-25 02:57:11"
"413","ส่งเชียงใหม่ ไม่ถ่ายงาน","12","","128","1","2023-03-25 02:57:03","2023-03-25 02:57:03"
"414","3. ตามผลสครับชมพูพี่หวาน 27/03","16","","81","0","2023-03-25 07:46:59","2023-04-05 02:30:48"
"415","ปรับสูตร2 กันแดด","15","","89","1","2023-03-25 08:17:15","2023-03-25 08:17:15"
"416","รออัพเดตวันส่ง มาการิต้า","15","","93","1","2023-03-25 08:21:58","2023-03-25 08:21:58"
"417","ปรับสูตร5","15","","98","1","2023-03-25 08:56:56","2023-03-25 08:56:56"
"418","รอสั่งtester รสชาติละ 200","13","","78","0","2023-03-25 08:58:09","2023-03-28 07:52:25"
"419","รอใบเปย์","15","","129","0","2023-03-25 08:58:28","2023-03-28 02:21:40"
"420","รอfeedback การพัฒนาสูตร+สั่งผลิต","13","","123","0","2023-03-25 08:59:40","2023-04-04 10:21:08"
"421","รอfeedback เจลอาบน้ำสูตร4","13","","69","0","2023-03-25 09:01:00","2023-04-27 08:22:01"
"422","รอลคคอนเฟิมสูตร","15","","118","1","2023-03-25 09:05:44","2023-03-25 09:05:44"
"423","รอคอนเฟิมวันส่งให้ลค","15","","118","1","2023-03-25 09:05:51","2023-03-25 09:05:51"
"424","ติดตามผลการใช้งานของสูตรแรก","14","","130","1","2023-03-25 09:18:21","2023-03-25 09:18:21"
"425","ติดตามตย. สูตรแรก","14","","131","0","2023-03-25 09:32:54","2023-04-05 03:16:47"
"426","พบการแยกชั้นของเนื้อระหว่างการพัฒนาสูตรแรก","14","","131","0","2023-03-25 09:33:11","2023-04-05 03:16:52"
"427","สูตร 2 ลูกค้าทานไม่ครบเดือน เพราะทานไปประมาณ 1 อาทิตย์แล้วไม่รู้สึกถึงการเปลี่ยนแปลง","14","","24","1","2023-03-25 09:39:02","2023-03-25 09:39:02"
"428","ติดตามผล test จากสูตรแรก","14","","132","1","2023-03-25 09:51:50","2023-03-25 09:51:50"
"429","รอคอนเฟิมส่ง lot3","15","","129","1","2023-03-28 02:21:50","2023-03-28 02:21:50"
"430","ใบ COA lot3","15","","129","1","2023-03-28 02:22:01","2023-03-28 02:22:01"
"431","ขึ้นสูตร1 wash","15","","133","1","2023-03-28 04:13:54","2023-03-28 04:13:54"
"432","ขึ้นสูตร1 เซรั่ม","15","","133","1","2023-03-28 04:14:04","2023-03-28 04:14:04"
"433","ขึ้นสูตร1 spray","15","","133","1","2023-03-28 04:14:10","2023-03-28 04:14:10"
"434","ปรับสูตร13","13","","74","1","2023-03-28 07:51:19","2023-03-28 07:51:19"
"435","รอจดอย.","13","","78","1","2023-03-28 07:52:17","2023-03-28 07:52:17"
"436","รอส่ง Tester รสละ 200 ซอง","13","","78","1","2023-03-28 07:52:52","2023-03-28 07:52:52"
"437","visit 3/4/23 13.00น.","13","","85","0","2023-03-28 07:54:23","2023-04-04 10:21:24"
"438","ขอตย.30ชุด","13","","85","0","2023-03-28 07:54:34","2023-04-04 10:21:25"
"439","รออย.","13","","120","1","2023-03-28 07:55:44","2023-03-28 07:55:44"
"440","รอผลเทสขวด","13","","120","1","2023-03-28 07:55:54","2023-03-28 07:55:54"
"441","2. ส่งเทส Hux ไปให้เทสเพิ่ม 28/03","16","","20","0","2023-03-28 07:58:28","2023-05-08 10:47:07"
"442","3. ตามผลเทสครั้งที่ 2 - 3/04","16","","71","0","2023-03-28 08:27:58","2023-04-05 04:19:03"
"443","5. ตามผลเทสสูตร 2 - 3/04","16","","70","0","2023-03-28 08:33:44","2023-04-06 03:58:18"
"444","รอfeedback กันเเดด","13","","80","1","2023-03-28 08:34:00","2023-03-28 08:34:00"
"445","ุ6. แก้% ในสไลด์แชมพู","16","","75","0","2023-03-28 08:45:03","2023-03-29 04:14:34"
"446","ปรับสูตร 4 ส่งให้ลูกค้า","14","","59","1","2023-03-28 10:18:51","2023-03-28 10:18:51"
"447","ลูกค้าส่งแพคเกจมาให้ test","14","","59","1","2023-03-28 10:19:15","2023-03-28 10:19:15"
"448","ลูกค้าส่งตย.กระดาษ ที่อยากใช้ทำกล่องมาให้","14","","59","1","2023-03-28 10:19:50","2023-03-28 10:19:50"
"449","ปรับสูตร 5 ลดความวอกลง","14","","35","0","2023-03-28 10:21:55","2023-04-12 04:46:55"
"450","รอส่งตย. สูตร 5","14","","35","0","2023-03-28 10:22:06","2023-04-12 04:46:57"
"451","ติดตามผล test สูตร 3 จากลูกค้าค่ะ","14","","134","1","2023-03-28 10:29:00","2023-03-28 10:29:00"
"452","ติดตามการจ่ายค่า mock up ตามใบเสนอราคา","14","","36","0","2023-03-28 10:33:25","2023-04-05 03:21:11"
"453","ปรับสูตรใหม่ให้ตรงตามอย. กำหนด","14","","49","1","2023-03-28 10:47:55","2023-03-28 10:47:55"
"454","สอบถามการจดทะเบียนบริษัท และให้เซ็นต์ confirm สูตร 4.1","14","","51","1","2023-03-28 10:50:22","2023-03-28 10:50:22"
"455","สอบถามเรื่องผล test แต่ลูกค้ายังไม่ตอบกลับ","14","","52","1","2023-03-28 10:54:28","2023-03-28 10:54:28"
"456","ทักทายส่งไลน์ไปเป็นระยะๆ ค่ะ","14","","53","1","2023-03-28 10:56:44","2023-03-28 10:56:44"
"457","สูตร 13 ส่งให้ลูกค้า เพิ่ม oil เพื่อไม่ให้ผิวแห้งแตก","14","","57","0","2023-03-28 10:58:40","2023-04-11 10:04:42"
"458","ลูกค้าขอปรับสูตร 14 เพราะความขาวลดลง แต่มีผลต่อราคา ต้องคุยกับคุณแพรก่อน","14","","57","1","2023-03-28 11:02:42","2023-03-28 11:02:42"
"459","29/03/23 พี่เอ๋เข้าออฟฟิศ ติดตามผล test สูตร 5.2","14","","41","0","2023-03-28 11:04:25","2023-03-30 07:48:27"
"460","สารเข้า 31/03/23","14","","33","1","2023-03-28 11:05:39","2023-03-28 11:05:39"
"461","แพลนส่งสินค้า 20/04/23","14","","33","1","2023-03-28 11:06:01","2023-03-28 11:06:01"
"462","ปรับสูตร 5 ลด% AHA ลง","14","","37","1","2023-03-28 11:11:31","2023-03-28 11:11:31"
"463","ปรับสูตร4 กำจัดขน","13","","14","1","2023-03-29 03:16:03","2023-03-29 03:16:03"
"464","็Hold เจลหล่อลื่น","13","","14","0","2023-03-29 03:16:22","2023-03-29 03:16:25"
"465","4. ตามผลกันแดดสูตร 2-3/04","16","","8","0","2023-03-29 03:16:25","2023-04-04 04:37:50"
"466","รออย.","13","","86","1","2023-03-29 03:16:35","2023-03-29 03:16:35"
"467","6. ส่ง CBD Serum 6/04","16","","17","0","2023-03-29 03:25:07","2023-05-17 10:25:26"
"468","8. ส่งเทสพี่โบว์ 4 ตัว (เจลแต้มสิว/เซรั่ม/ล้างหน้า/โทนอัป)","16","","99","0","2023-03-29 03:26:28","2023-04-05 04:31:51"
"469","7. รอตีราคาขวด 2 แบบ","16","","6","0","2023-03-29 03:51:48","2023-04-04 04:33:54"
"470","8. รอจด อย.","16","","6","0","2023-03-29 03:51:59","2023-05-10 09:51:32"
"471","9. ใส่เลข อย. +ออกแบบกล่องเพิ่มเติม 5 Protect และใส่ข้อมูลให้ครบถ้วน","16","","6","0","2023-03-29 03:53:00","2023-05-30 03:24:34"
"472","3. ขึ้นงานเทสครีมบัวหิมะ ส่ง 2/05","16","","20","0","2023-03-29 03:54:16","2023-05-08 10:47:36"
"473","4. ปรับสครับดำสูตร 5+ เพิ่มสารสกัด รอตัวอย่าง โอ๊ต กับ อัลมอน","16","","81","0","2023-03-29 04:14:17","2023-05-08 10:50:35"
"474","4. วันที่ 4/04 ถามว่าได้รับตัวเทสแล้วหรือยัง","16","","75","0","2023-03-29 04:15:12","2023-04-05 04:19:53"
"475","9.ติดเอกสาร MSDS/SPEC Product (ได้ตอนสินค้าเสร็จ)"
"476","1. ส่งเทสกันแดดหน้าดิวส่ง 7/04","16","","135","0","2023-03-29 04:41:25","2023-04-19 02:30:39"
"477","2. ส่งเทส OIl ทาตัว ดิวส่ง 7/04","16","","135","0","2023-03-29 04:48:05","2023-04-17 02:46:59"
"478","1. ส่งเทส 2-29/03","16","","136","0","2023-03-29 04:55:07","2023-04-06 04:19:27"
"479","2. 3/04 ถามว่าลูกค้าได้รับเทสยัง","16","","136","0","2023-03-29 04:56:39","2023-04-06 04:19:29"
"480","1. ส่งเทสกันแดด 2 สูตร 29/03","16","","137","0","2023-03-29 06:41:01","2023-04-04 03:11:08"
"481","2. ตามว่าตัวอย่างได้รับแล้วหรือยัง 5/04","16","","137","0","2023-03-29 06:41:32","2023-04-04 03:11:12"
"482","7. ตามฟีดแบคน้องชมพู 17/04","16","","17","0","2023-03-29 08:35:54","2023-04-27 05:01:55"
"483","กำหนดส่งสินค้า 04/04/23 ชำระเงินเรียบร้อยทั้งหมด","14","","45","0","2023-03-30 07:20:27","2023-04-11 10:42:13"
"484","จัดส่งรอบต่อไป 07/04/23","14","","43","0","2023-03-30 07:24:06","2023-04-11 10:23:17"
"485","สั่งกล่องเขียว หลังสงกรานต์","14","","43","0","2023-03-30 07:24:21","2023-04-11 10:23:15"
"486","จัดส่งรอบ 2 20/04/23","14","","43","0","2023-03-30 07:24:37","2023-04-11 10:23:10"
"487","ติดตามสรุปแบบแพคเกจก่อนสงกรานต์","14","","55","0","2023-03-30 07:25:48","2023-04-11 10:24:23"
"488","ติดตามสารให้เข้าก่อนสิ้นเดือน 5","14","","55","1","2023-03-30 07:27:53","2023-03-30 07:27:53"
"489","จัดส่งสินค้าเรียบร้อยแล้ว","14","","60","1","2023-03-30 07:37:01","2023-03-30 07:37:01"
"490","การจัดส่งเดือน 3 เรียบร้อยตรงตามกำหนด","14","","84","0","2023-03-30 07:44:33","2023-03-30 07:44:52"
"491","ติดตามการจัดส่งเดือน 4 ตามวันที่กำหนดไว้","14","","84","1","2023-03-30 07:44:50","2023-03-30 07:44:50"
"492","ติดตามสอบถามเรื่องกรดอะมิโม ไปแล้วแต่ทางลูกค้ายังไม่ตอบกลับมา","14","","64","1","2023-03-30 07:45:51","2023-03-30 07:45:51"
"493","ส่งเนื้อที่ปรับใช้กับหลอด ติดตามผลกับลูกค้า","14","","66","0","2023-03-30 07:47:45","2023-04-11 10:34:37"
"494","ตย.สูตร 5.2 ลูกค้าได้รับแล้ว รออัพเดทผล test","14","","41","1","2023-03-30 07:48:59","2023-03-30 07:48:59"
"495","โทรสอบถามพี่เอ๋ แต่ไม่รับสาย","14","","41","0","2023-03-30 07:49:16","2023-04-11 10:36:46"
"496","หากระปุกจากเจย์ 9.5 บาท สรุปต้นทุนให้คุณแพรแล้ว","14","","27","1","2023-03-30 07:51:04","2023-03-30 07:51:04"
"497","ลองสูตร 4 ที่ปรับแล้ว รอส่งตย.","14","","31","0","2023-03-30 07:52:03","2023-04-11 10:43:17"
"498","lot.4 อีก 2,000 ชิ้น ดันส่งก่อนสงกรานต์","14","","25","0","2023-03-30 07:53:47","2023-04-11 10:44:13"
"499","3. ออกใบเสนอราคาจด อย.","16","","137","0","2023-04-04 03:11:36","2023-06-07 06:26:27"
"500","4. บรีฟออกแบบ","16","","137","0","2023-04-04 03:14:30","2023-05-30 02:51:27"
"501","5. ตามเอกสารจดแจ้ง อย.","16","","137","0","2023-04-04 03:14:47","2023-06-07 06:26:29"
"502","5. ตามเทส 2 แล้ว รออัปเดต","16","","18","0","2023-04-04 04:26:04","2023-04-11 03:24:40"
"503","10. รอเอกสารจด อย. จากพี่ปูเป้","16","","6","0","2023-04-04 04:34:56","2023-04-25 03:50:38"
"504","5. ตามผลเทส 17/04","16","","8","0","2023-04-04 04:38:43","2023-04-17 02:34:37"
"505","ปรับสูตร 2 ครีมมอยซ์","13","","80","1","2023-04-04 06:14:45","2023-04-04 06:14:45"
"506","ส่งตย.เจลล้างหน้าสูตร1 พร้อมครีมมอยซ์สูตร2","13","","80","1","2023-04-04 06:15:15","2023-04-04 06:15:15"
"507","ปรับสูตร 2 ลดหวาน กลิ่นคาโมมาย เพิ่มเรื่องสดชื่นหลังตื่น","13","","123","1","2023-04-04 10:21:06","2023-04-04 10:21:06"
"508","รอผลเทสจากลูกค้า(หลังสงกรานต์)","13","","85","1","2023-04-04 10:21:37","2023-04-04 10:21:37"
"509","2. ส่งเทสครีมรักแร้ / มาส์กรักแร้ 5/04","16","","19","0","2023-04-05 02:20:02","2023-04-05 02:20:04"
"510","3. ตามผลครีมรักแร้ / มาส์กรักแร้ - 18/04","16","","19","0","2023-04-05 02:20:44","2023-04-25 03:51:54"
"511","5. ตามพี่หวานเรื่องครีมทาหน้า  (ส่งสารสกัดเพิ่มให้)","16","","81","1","2023-04-05 02:34:40","2023-04-05 02:34:40"
"512","6. Shower รอพี่หวานส่งตัวอย่างกลิ่นที่ชอบมาให้","16","","81","1","2023-04-05 02:34:56","2023-04-05 02:34:56"
"513","7. ส่ง Ingredients สครับชมพู / รอพี่หวานเซ็นคอนเฟิม","16","","81","0","2023-04-05 02:35:35","2023-05-30 03:35:48"
"514","8. ส่งเทสผิวขาว 300 เม็ด 24/04","16","","81","0","2023-04-05 02:47:32","2023-05-08 10:51:04"
"515","อัพเดทการจดขอสถานที่ผลิตให้ลูกค้าอยู่ต้อง เพราะลูกค้าต้องการจดอย. ให้เรียบร้อยการการวางขาย","14","","48","1","2023-04-05 02:50:20","2023-04-05 02:50:20"
"516","นัดคุยกับน้องเนยเรื่องการชำระมัดจำก่อนการผลิต 07/04/23","14","","50","1","2023-04-05 02:53:56","2023-04-05 02:53:56"
"517","ตย.ขึ้นได้ 10 ซอง คุณกี้ต้องการตย.เพิ่มอีก 25 ซอง เพื่อให้คนอื่น test ด้วย คิดราคา 20 บาท/ซอง","14","","67","0","2023-04-05 03:00:24","2023-04-11 10:47:14"
"519","ส่งสูตร 4 แล้วรอฟังผล","14","","32","1","2023-04-05 03:01:36","2023-04-05 03:01:36"
"520","ส่งตย.ตรวจใหม่วันที่ 11/04/23","14","","49","0","2023-04-05 03:02:41","2023-04-11 10:55:03"
"521","อัพเดทการยุบตัวของเนื้อครีมและค่า den ให้ลูกค้าทราบ","14","","68","1","2023-04-05 03:04:06","2023-04-05 03:04:06"
"522","สูตรแรก test แล้วทาลงหน้าเป็นขุย ส่งปรับครั้งที่ 2 แล้ว","14","","131","1","2023-04-05 03:17:32","2023-04-05 03:17:32"
"523","ติดตามตย.สูตร 4","14","","58","1","2023-04-05 03:18:44","2023-04-05 03:18:44"
"524","ติดตามการออกใบเสนอราคา ชำระก่อนเข้าไลน์ผลิต","14","","36","1","2023-04-05 03:24:08","2023-04-05 03:24:08"
"525","4. ลูกค้าไปต่างประเทศ ตามผลเทส 18/04","16","","71","0","2023-04-05 04:19:35","2023-04-17 10:32:31"
"526","7. รอฟีดแบคแชมพูสูตร2","16","","75","1","2023-04-05 04:20:16","2023-04-19 02:26:21"
"527","1. ขึ้นงานครีมทาหน้าเทส 1 - ส่ง 27/04","16","","138","0","2023-04-05 07:02:07","2023-05-05 02:26:01"
"529","2. ขึ้นงานครีมกันแดดเทส 1 - ส่ง 27/04","16","","138","0","2023-04-05 07:02:36","2023-05-05 02:26:03"
"530","ขึ้นสูตร1 3ตัว","15","","88","1","2023-04-05 09:48:49","2023-04-05 09:48:49"
"531","1. all in one stick serum&moisture ส่ง 20/04","16","","139","0","2023-04-06 03:04:26","2023-05-30 04:31:24"
"532","2. Sun stick ส่ง 20/04","16","","139","0","2023-04-06 03:05:37","2023-05-08 10:47:51"
"533","3. Blush stick ส่ง 20/04","16","","139","0","2023-04-06 03:06:01","2023-05-08 10:47:52"
"534","3. หลังสงกรานต์ตาม feedback เทส2","16","","136","0","2023-04-06 04:20:08","2023-04-25 03:50:47"
"535","6. พี่ซันเข้ามาโรงงานวันที่ 21/04 เวลา 13.00","16","","137","0","2023-04-06 04:21:14","2023-04-21 08:41:30"
"536","รอตรวจเเบบกล่อง","13","","120","1","2023-04-06 08:28:55","2023-04-06 08:28:55"
"537","รอออกเเบบสตก.","13","","120","1","2023-04-06 08:29:14","2023-04-06 08:29:14"
"538","รอfeedbackสูตร2","13","","76","1","2023-04-06 08:29:36","2023-04-06 08:29:36"
"539","รอcf ผลิต","13","","86","1","2023-04-06 08:29:56","2023-04-06 08:29:56"
"540","รอfeedback สูตร2","13","","11","1","2023-04-06 08:30:20","2023-04-06 08:30:20"
"541","6. รอน้องสเก็ตเทสเพิ่ม ตามฟีดแบ็ค 17/04","16","","18","0","2023-04-11 03:25:06","2023-04-25 03:51:16"
"542","6. ส่งเทส2 -18/04","16","","70","0","2023-04-11 03:44:33","2023-04-19 02:30:14"
"543","lot. ต่อไปจะสั่งอีกครั้งไม่เกินช่วงเดือน 5 หลังสงกรานต์ติดตามอีกครั้ง","14","","30","1","2023-04-11 08:43:48","2023-04-11 08:43:48"
"544","สอบถามความคืบหน้าเข้าไปในกลุ่มล่าสุด 11/04/23","14","","51","1","2023-04-11 10:03:41","2023-04-11 10:03:41"
"545","ส่งตย.สูตร14(สูตร13) แล้ว รออัพเดทผล test","14","","57","1","2023-04-11 10:05:10","2023-04-11 10:05:10"
"546","สารและอปก. ครบ แพลนการส่งสินค้าแจ้งลูกค้าเรียบร้อย","14","","33","1","2023-04-11 10:05:48","2023-04-11 10:05:48"
"547","คุณหนูจะอัพเดทข้อมูลหลังสงกรานต์","14","","38","1","2023-04-11 10:06:43","2023-04-11 10:06:43"
"548","ส่งตย.สูตร 5 เรียบร้อย รออัพเดทผลจากลูกค้า","14","","37","1","2023-04-11 10:13:40","2023-04-11 10:13:40"
"549","แจ้งปรับสูตร 6","14","","40","1","2023-04-11 10:22:05","2023-04-11 10:22:05"
"550","จัดส่งเดือน 4 อีก 2 รอบ 20/04 และ 28/04","14","","43","1","2023-04-11 10:23:47","2023-04-11 10:23:47"
"551","แบบแพคเกจได้หลังสงกรานต์","14","","55","1","2023-04-11 10:24:34","2023-04-11 10:24:34"
"552","หลังเปิดสงกรานต์ติดตามการเข้าของสาร","14","","55","1","2023-04-11 10:24:49","2023-04-11 10:24:49"
"553","ติดตามการสั่งผลิต lot. ต่อไป","14","","60","1","2023-04-11 10:25:36","2023-04-11 10:25:36"
"554","คุยกับคุณแพรเรื่องสูตรผิวขาว แบบผงชงดื่ม คุณวินขอทราบราคาและส่วนประกอบ","14","","21","1","2023-04-11 10:29:38","2023-04-11 10:29:38"
"555","คุณวินให้ช่วยหาแบบแพคเกจครีม ขนาด 30 ml. ราคาเบาๆ","14","","21","1","2023-04-11 10:30:12","2023-04-11 10:30:12"
"556","สรุปจำนวนแพคเกจที่เหลือของ sunscreen หลังผลิตรอบล่าสุด","14","","21","1","2023-04-11 10:31:03","2023-04-11 10:31:03"
"557","หลังสงกรานต์ลูกค้าจะอัพเดทผลสูตรแรก","14","","23","1","2023-04-11 10:32:00","2023-04-11 10:32:00"
"558","ติดตามเรื่องกรดอะมิโนกับลูกค้า","14","","64","1","2023-04-11 10:34:07","2023-04-11 10:34:07"
"559","อย. ได้เรียบร้อยแล้ว","14","","66","1","2023-04-11 10:34:51","2023-04-11 10:34:51"
"560","ให้ทางกราฟฟิค ใส่เลขอย. ในแบบหลอดที่ส่งมาให้","14","","66","1","2023-04-11 10:35:19","2023-04-11 10:35:19"
"561","สอบถามเนื้อที่ปรับใส่ในรูปแบบหลอดกับทางลูกค้า แต่ยังไม่มีการแจ้งกลับค่ะ","14","","66","1","2023-04-11 10:35:53","2023-04-11 10:35:53"
"562","แท็กสอบถามเรื่องการ test สูตร 5.2 กับทางคุณหมอและพี่เอ๋ เข้าไปในกลุ่มแล้ว","14","","41","1","2023-04-11 10:38:20","2023-04-11 10:38:20"
"563","โทรหาพี่เอ๋ 2 รอบแต่ยังไม่รับสาย","14","","41","1","2023-04-11 10:38:41","2023-04-11 10:38:41"
"564","ลูกค้่ให้ hold งานพัฒนาสูตรไว้ก่อน","14","","26","1","2023-04-11 10:40:45","2023-04-11 10:40:45"
"565","คุยเรื่องปรับสูตรใหม่กับคุณแพร","14","","27","1","2023-04-11 10:41:43","2023-04-11 10:41:43"
"566","ติดตามการผลิต lot. ต่อไป","14","","45","1","2023-04-11 10:42:28","2023-04-11 10:42:28"
"567","ลูกค้ามาที่รง. 25/04/23 บ่าย 2","14","","31","1","2023-04-11 10:43:35","2023-04-11 10:43:35"
"568","จนท.มีกำหนดตรวจรง. ช่วงต้นเดือน 5 แต่ยังไม่ระบุวันที่","14","","25","1","2023-04-11 10:44:40","2023-04-11 10:44:40"
"569","งานผลิต lot.5 2,000 ชิ้นแรกรับ 28/04/23","14","","25","1","2023-04-11 10:45:04","2023-04-11 10:45:04"
"570","2,000 ชิ้นที่เหลือ รับ 05/05/23","14","","25","1","2023-04-11 10:45:19","2023-04-11 10:45:19"
"571","สตก. เข้า 19/04/23","14","","25","1","2023-04-11 10:45:30","2023-04-11 10:45:30"
"572","สรุปจำนวนการผลิต อีกครั้งหลังสงกรานต์","14","","50","1","2023-04-11 10:46:45","2023-04-11 10:46:45"
"573","รอตย. 50 ซอง แบ่งเป็นรสโยเกิร์ต 25 ซอง","14","","67","1","2023-04-11 10:47:48","2023-04-11 10:47:48"
"574","รสสตรอเบอร์รี่ รออัพเดทจากลูกค้าว่าชอบสูตร 2.1 หรือ 2.2","14","","67","1","2023-04-11 10:48:16","2023-04-11 10:48:16"
"575","ติดตามผลการ test สูตร 2","14","","67","1","2023-04-11 10:48:36","2023-04-11 10:48:36"
"576","ติดตามผลการปรับลดชาติหลังสงกรานต์","14","","65","1","2023-04-11 10:52:25","2023-04-11 10:52:25"
"577","ลูกค้ามาที่รง. 25/04/23 เวลาบ่าย 2","14","","32","1","2023-04-11 10:53:07","2023-04-11 10:53:07"
"578","ติดตามผลตรวจ","14","","49","1","2023-04-11 10:55:20","2023-04-11 10:55:20"
"579","คาดว่าจะสามารถจัดส่งได้ 21/04/23","14","","68","1","2023-04-11 10:56:18","2023-04-11 10:56:18"
"580","หลังสงกรานต์ติดตามหลอด 5 ชั้น มา test เนื้อ POKO ดูว่าหลอดมีการฉีกขาดมั้ย","14","","22","1","2023-04-11 10:57:30","2023-04-11 10:57:30"
"581","POKO ขึ้น 3 กลิ่น คือ Pheromone , Sexy Fagrance , Snow White","14","","22","1","2023-04-11 11:01:15","2023-04-11 11:01:15"
"582","สรุปราคาหลอด 5 ชั้นให้คุณแพร","14","","22","1","2023-04-11 11:01:35","2023-04-11 11:01:35"
"583","สูตร 3 test เนื้องผ่านแล้ว รอส่งหลังสงกรานต์","14","","28","1","2023-04-12 04:32:20","2023-04-12 04:32:20"
"584","ติดตามการเข้าของกระดาษทำกล่องให้ลูกค้า เคลมทั้งหมด 674 ชิ้น","14","","29","1","2023-04-12 04:33:09","2023-04-12 04:33:09"
"585","ส่งปรับสูตร 2","14","","131","1","2023-04-12 04:33:50","2023-04-12 04:33:50"
"586","แบบแพคเกจปรับแก้บรีฟ 2 ทั้งหลอดและซอง","14","","131","1","2023-04-12 04:38:04","2023-04-12 04:38:04"
"587","คุณกวางขอรายละเอียดปริมาณสารสกัดในสูตร","14","","24","1","2023-04-12 04:40:54","2023-04-12 04:40:54"
"588","ติดตามการขอฆอ. จากแต้ว","14","","54","1","2023-04-12 04:41:37","2023-04-12 04:41:37"
"589","สรุปใบเสนอราคา lot.2","14","","54","1","2023-04-12 04:41:45","2023-04-12 04:41:45"
"590","ลูกค้า hold การพัฒนาสูตรไว้ก่อน","14","","130","1","2023-04-12 04:42:29","2023-04-12 04:42:29"
"591","ติดตามเรื่องการผลิตและมัดจำหลังสงกรานต์","14","","36","1","2023-04-12 04:45:17","2023-04-12 04:45:17"
"592","ส่งตย.สูตร 5 แล้ว รออัพเดทการใช้งาน","14","","35","1","2023-04-12 04:47:52","2023-04-12 04:47:52"
"593","ผลเทสหลอด โลชัน","15","","16","1","2023-04-17 02:43:55","2023-04-17 02:43:55"
"594","3. ตามเทส OIl ทาตัว 21/04 ลูกค้าขอเทสเพิ่ม","16","","135","0","2023-04-17 02:47:19","2023-05-11 02:56:40"
"595","6. ตามฟีดแบค 16/05 ลูกค้าขอลองเทสระยะยาว","16","","8","0","2023-04-17 03:03:48","2023-05-11 03:30:28"
"596","5. ปรับสูตร 3 ส่ง 17/05","16","","71","0","2023-04-17 10:32:54","2023-05-17 10:26:09"
"597","4. รอคุณแก๊ดส่งเทสบลัชสติ้กสีส้มมาให้","16","","139","0","2023-04-17 10:35:11","2023-04-20 08:39:41"
"598","1. นัดคุยที่โรงงาน 10-11.00 น. 21/04","16","","140","0","2023-04-17 10:37:19","2023-04-25 04:02:48"
"599","1. นัดคุยที่โรงงาน 13.00 น. 21/04","16","","141","0","2023-04-17 10:38:16","2023-04-20 08:40:28"
"600","1. รอส่งบัตรประชาชนออกใบเสนอราคาค่าพัฒนาสูตรสบู่","16","","142","0","2023-04-17 10:39:11","2023-04-19 02:46:02"
"601","7. ตามผลเทส 3 - 26/04","16","","70","0","2023-04-19 02:30:11","2023-05-08 10:41:46"
"602","4.ตามผลเทสกันแดด 25/04","16","","135","0","2023-04-19 02:32:57","2023-05-11 02:57:40"
"603","2. รอโอนค่าพัฒนาสูตร","16","","142","1","2023-04-19 02:46:10","2023-04-19 02:46:10"
"604","10. รอพี่ดาวเซ็นใบเสนอราคาค่าขวด500 ชิ้นเพิ่ม","16","","99","0","2023-04-20 08:28:23","2023-04-27 04:57:03"
"605","2. ลูกค้าเลื่อนนัด เดี๋ยวนัดวันเข้ามาใหม่","16","","141","1","2023-04-20 08:40:27","2023-04-20 08:40:27"
"606","7. รอสรุป Size หลอด","16","","137","0","2023-04-21 08:42:05","2023-04-27 04:58:01"
"607","1. ส่งตัวอย่างสูตรที่ 1-5/05 (RD กิฟ)","16","","143","0","2023-04-21 08:43:44","2023-05-09 06:40:06"
"608","4. น้องอิงแจ้งจะโทรกลับหามินนี่","16","","136","0","2023-04-25 03:51:07","2023-05-09 04:05:02"
"609","7. รอคอนเฟิมสูตร","16","","18","1","2023-04-25 03:51:26","2023-04-25 03:51:26"
"610","8. หาแพ็กเกจเพิ่มให้ลูกค้า","16","","18","0","2023-04-25 03:51:41","2023-05-25 02:53:14"
"611","4. รอพี่พรีซฟีดแบคกลับ ลูกน้องคนที่เทสกลับมาวันที่ 25/04","16","","19","0","2023-04-25 03:52:29","2023-08-31 04:45:56"
"612","2. รอส่งบัตร ปชช เพื่อออกใบเสนอราคาค่าพัฒนาสูตร","16","","140","0","2023-04-25 04:03:12","2023-05-04 06:52:48"
"613","8. ตามฟีดแบคทั้ง 3 ผลิตภัณฑ์ 18/05 (ลูกค้าส่งไปต่างประเทศ)"
"614","3. รอส่งเทสสบู่ 1 ก้อน","16","","142","0","2023-04-25 08:26:44","2023-06-07 06:14:06"
"615","8. ส่งปรับสูตร 7 น้องชมพู","16","","17","0","2023-04-27 05:02:28","2023-05-26 06:25:19"
"616","ปรับสูตร 5 -เนื้อสูตร 4  -กลิ่นสูตร 3.1 (มี Vanilla)","13","","69","1","2023-04-27 08:23:02","2023-04-27 08:23:02"
"617","รอส่งตย.สูตร5","13","","69","1","2023-04-27 08:25:01","2023-04-27 08:25:01"
"618","รอลูกค้าจดชื่อทางการค้า","13","","78","1","2023-04-27 08:25:36","2023-04-27 08:25:36"
"619","1. ส่งตัวอย่าง NOX สเปรย์น้องชาย - 5/05 น้องเอิน","16","","144","0","2023-04-28 04:55:50","2023-05-11 03:38:25"
"620","2. ครีมนวดน้องชาย - 5/05 กิฟ","16","","144","0","2023-04-28 04:56:39","2023-05-11 03:38:27"
"621","3. ส่งตัวอย่างสบู่ดับกลิ่นเท้า-12/05 น้องเฟิน","16","","144","0","2023-04-28 04:57:09","2023-05-11 03:38:28"
"622","4.ส่งตัวอย่างสเปรย์ดับกลิ่นเท้า -5/05 กิฟ","16","","144","0","2023-04-28 04:57:29","2023-05-11 03:38:30"
"623","5. สั่งตัวอย่างครีมมาส์กเท้าเพื่อมาให้ทางแลปขึ้นตัวอย่าง","16","","144","0","2023-04-28 04:57:57","2023-06-14 07:45:42"
"624","6. ครีมที่ทำให้เท้าอุ่น -12/05 น้องเฟิน","16","","144","0","2023-04-28 04:57:59","2023-05-11 03:38:33"
"626","7. ส่งตัวอย่างโลชั่นคนเป็นเบาหวาน -12/05 กิฟ","16","","144","0","2023-04-28 04:59:11","2023-06-07 06:20:28"
"627","1. ส่งสูตร1- 18/05 กิฟ","16","","145","0","2023-05-04 06:40:41","2023-05-25 07:05:29"
"628","1. ส่งสูตร 1-17/05 น้องเฟิน","16","","146","0","2023-05-04 08:08:08","2023-05-25 02:51:41"
"629","8. บาบาร่า \""รองพื้นคอนซีลเลอร์\"" 17/05 นัตตี้ / Hold รอทำราคากับพี่แพรก่อน","16","","144","1","2023-05-04 08:10:59","2023-05-05 02:29:56"
"630","3. ตามเทสครีมทาหน้าสูตร 1 - 9/05","16","","138","0","2023-05-05 02:25:46","2023-05-09 04:03:53"
"631","4. ตามเทสครีมกันแดดสูตร 1 - 9/05","16","","138","0","2023-05-05 02:25:59","2023-05-09 04:03:55"
"632","8. ส่งเทสสูตร 4-19/05","16","","70","0","2023-05-08 10:41:43","2023-05-26 06:23:21"
"633","4. ตามผลครีมบัวหิมะ 16/05","16","","20","0","2023-05-08 10:47:35","2023-05-25 09:45:27"
"634","5. ตามผลเทส Sun & Blush 16/05","16","","139","0","2023-05-08 10:48:23","2023-05-12 03:50:46"
"635","9. ตามฟีดแบคสครับดำ 16/05","16","","81","0","2023-05-08 10:51:02","2023-05-30 03:37:34"
"636","3. ส่งปรับสูตรครีมทาหน้าสูตร2-23/05","16","","138","0","2023-05-09 04:03:45","2023-06-07 10:03:51"
"637","6. ส่งปรับสูตรกันแดดหน้าสูตร 2-23/05","16","","138","0","2023-05-09 04:04:21","2023-06-01 06:47:25"
"638","5. ลูกค้าขอเทสสูตร 2 เพิ่ม 60 เม็ด","16","","136","0","2023-05-09 04:04:59","2023-05-25 09:43:44"
"639","2. ส่งตัวอย่างสูตรที่ 2-19/05 (RD กิฟ)","16","","143","0","2023-05-09 06:40:20","2023-05-25 09:44:55"
"640","5. ตามฟีดแบคกันแดดและ oil ทาตัว- 17/05","16","","135","1","2023-05-11 02:57:16","2023-05-11 02:57:16"
"642","9. ตามฟีดแบคแล้ว 11/05 รอตอบกลับ","16","","75","1","2023-05-11 03:15:04","2023-05-11 03:15:04"
"643","7อาทิตย์หน้าลูกค้าจะฟีดแบคเพื่อปรับสูตร","16","","8","0","2023-05-11 03:30:25","2023-05-25 07:39:25"
"644","6. ส่งเทส2 Sun&blush","16","","139","0","2023-05-12 03:51:10","2023-06-07 06:29:30"
"645","6. รอฟีดแบคสูตร 3 -23/05","16","","71","0","2023-05-17 10:26:07","2023-05-25 07:40:41"
"646","7. ส่งเทส1 ครีมกันแดด+ครีม Moiture","16","","139","0","2023-05-25 02:47:11","2023-06-07 06:32:52"
"647","2. ส่งกันแดดสูตร 2 = 7/06","16","","146","0","2023-05-25 02:51:56","2023-06-07 06:13:16"
"648","3. ส่งเทสปั๊มโฟมล้างหน้า","16","","146","0","2023-05-25 02:52:11","2023-06-07 06:13:18"
"649","4. ส่งเทสสูตร3","16","","7","0","2023-05-25 02:53:03","2023-06-07 06:15:36"
"650","9. รอลูกค้าอัปเดต","16","","18","1","2023-05-25 02:53:25","2023-05-25 02:53:25"
"651","11. ค้างส่ง Facial Gel Wash 2/6 = 2025 ชิ้น","16","","99","0","2023-05-25 07:02:27","2023-06-07 06:16:20"
"652","12. ค้างส่ง Tone Up Body Lotion 2956 ชิ้น","16","","99","1","2023-05-25 07:03:13","2023-06-22 02:59:53"
"653","2. หาแพ็กเกจแบบหัวลูกกลิ้ง 15 ml เพิ่มให้ลูกค้า","16","","145","0","2023-05-25 07:05:13","2023-06-07 06:17:47"
"654","3. รอฟีดแบคสูตร 1 = 20/06","16","","145","1","2023-05-25 07:05:48","2023-06-09 03:18:35"
"655","8. ส่งเทส 3 = 1/06","16","","8","0","2023-05-25 07:39:24","2023-06-07 06:18:47"
"656","ึ7. ส่งเทส 5.1 กับ 5.2 = 5/06","16","","71","0","2023-05-25 07:40:38","2023-06-06 09:08:29"
"657","6. ตามเทสผิวขาวสูตร 2 = 12/06","16","","136","0","2023-05-25 09:43:41","2023-08-31 10:40:39"
"658","3. ตามฟีดแบคเทสสูตร 2 = 6/06","16","","143","0","2023-05-25 09:44:53","2023-05-30 04:35:37"
"659","5. รอลูกค้าอัปเดตว่าจะสั่งเทสไหม","16","","20","0","2023-05-25 09:45:25","2023-05-30 04:35:12"
"660","9. รออัปเดตเทสสูตร4 พี่มี่ให้คนช่วยเทสเพิ่ม","16","","70","0","2023-05-26 06:23:19","2023-06-08 07:39:05"
"661","9. รอฟีดแบคเซรั่มสีแดง","16","","17","0","2023-05-26 06:24:27","2023-06-07 06:25:02"
"662","10.รอฟีดแบคกันแดดน้องชมพู","16","","17","1","2023-05-26 06:24:52","2023-05-26 06:24:52"
"663","11. รอฟีดแบคน้องเขียว","16","","17","1","2023-05-26 06:25:15","2023-05-26 06:25:15"
"664","12. รอฟีดแบคเซรั่ม CBD เซรั่ม","16","","17","0","2023-05-26 06:27:55","2023-06-07 06:25:05"
"665","10. ลูกค้าจะออกสินค้าช่วงปลายปี ทักไปอีกทีนึง","16","","6","1","2023-05-30 03:24:32","2023-05-30 03:24:32"
"666","10. ส่งสครับดำกลิ่นกาแฟ+มะพร้าว","16","","81","0","2023-05-30 03:36:58","2023-06-07 06:27:57"
"667","11. ตามฟีดแบคสครับชมพูที่ปรับจับตัวกันเป็นก้อน","16","","81","0","2023-05-30 03:37:26","2023-06-07 06:27:58"
"668","8. ส่งเทส Moistick สูตร2 ปรับชุ่มชื้น+กลิ่น","16","","139","0","2023-05-30 04:31:56","2023-06-07 06:34:35"
"669","6. รอลูกค้าโอนเงินค่าเทสครีมบัวหิมะ","16","","20","0","2023-05-30 04:35:11","2023-06-07 08:39:31"
"670","4. ส่งเทสสูตร 2 เพิ่ม 10 หลอด","16","","143","0","2023-05-30 04:35:35","2023-06-07 08:41:05"
"671","7. ส่งปรับสูตรกันแดดหน้าสูตร 3","16","","138","1","2023-06-01 06:47:46","2023-06-01 06:47:46"
"672","1. ส่งอาหารเสริมสูตร 1- 16/06","16","","147","0","2023-06-06 02:09:52","2023-06-15 07:57:15"
"673","8.ตามสรุปว่าลูกค้าเลือกสูตรไหน 12/06","16","","71","1","2023-06-06 09:08:15","2023-06-06 09:08:15"
"674","4. ส่งเทสกันแดดสูตร3","16","","146","0","2023-06-07 06:12:54","2023-06-14 07:47:33"
"675","5. ส่งเทสปั๊มโฟมล้างหน้าสูตร2","16","","146","0","2023-06-07 06:13:14","2023-06-14 07:47:35"
"676","4. ตามว่าได้รับสบู่แล้วหรือยัง 14/06","16","","142","0","2023-06-07 06:14:04","2023-06-22 02:59:05"
"677","5. ตามฟีดแบคสูตร 3 - 13/06","16","","7","1","2023-06-07 06:15:34","2023-06-07 06:15:34"
"678","9. ตามเทสสูตร 3 - 20/06","16","","8","1","2023-06-07 06:18:45","2023-06-08 08:03:09"
"679","10. รอสรุปเพื่อจดแจ้ง อย. 12/06","16","","70","1","2023-06-07 06:20:48","2023-06-08 07:39:30"
"680","13. รอเลข อย. Golden C Serum","16","","17","0","2023-06-07 06:25:38","2023-06-23 08:25:21"
"681","14. รอเลข อย. CBD","16","","17","1","2023-06-07 06:25:49","2023-06-07 06:25:49"
"682","15. รอเลข อย. เซรั่มแดง","16","","17","1","2023-06-07 06:26:02","2023-06-07 06:26:02"
"683","6. รอลูกค้าส่งเอกสารกลับมา","16","","137","0","2023-06-07 06:26:25","2023-06-14 07:48:06"
"684","11. สรุปข้อมูลพัฒนาสูตร Vit C Serum","16","","6","1","2023-06-07 06:27:11","2023-06-07 06:27:11"
"685","12. รอจดแจ้งสครับดำ/ชมพู","16","","81","1","2023-06-07 06:28:56","2023-06-07 06:28:56"
"686","9. ส่งเทส Tone Up Sun Cream สูตร 2 -20/06","16","","139","0","2023-06-07 06:34:33","2023-06-15 04:45:15"
"687","10. ตามฟีดแบค sunstick 15/06","16","","139","0","2023-06-07 06:50:23","2023-06-15 04:45:19"
"688","11. ตามฟีดแบค Moistick 30/06","16","","139","0","2023-06-07 06:50:51","2023-06-15 04:50:33"
"689","12. ตามฟีดแบค Moicream 15/06","16","","139","0","2023-06-07 06:52:23","2023-06-15 04:50:53"
"690","13. Blustick Prove สูตรแล้ว รอคอนเฟิมจด อย.","16","","139","1","2023-06-07 06:53:09","2023-06-07 06:53:09"
"691","14. หา Package Blustick 5 ml","16","","139","1","2023-06-07 06:53:32","2023-06-07 06:53:32"
"692","7. รอส่งตัวอย่างครีมบัวหิมะ 1 kg 16/06","16","","20","1","2023-06-07 08:39:29","2023-06-07 08:39:29"
"693","5. ส่งเทสสูตร 3- 14/06","16","","143","0","2023-06-07 08:41:03","2023-06-15 02:38:56"
"694","8. ส่งครีม Moiture สูตร3 - 16/06","16","","138","1","2023-06-07 10:04:18","2023-06-07 10:04:18"
"695","1. ส่งเทส 1- 22/06","16","","148","0","2023-06-08 07:32:17","2023-06-28 02:18:08"
"696","9.ติดราคาอาหารเสริม 18+","16","","144","1","2023-06-14 07:46:00","2023-06-14 07:46:00"
"697","10. ติดเรื่องการปรับสูตรอาหารเสริมสายตา","16","","144","1","2023-06-14 07:46:51","2023-06-14 07:46:51"
"698","6.รอฟิดแบคกันแดดสูตร3","16","","146","1","2023-06-14 07:47:32","2023-06-14 07:47:32"
"699","8. รอจดแจ้ง อย.","16","","137","1","2023-06-14 07:48:04","2023-06-14 07:48:04"
"700","6. ปรับสูตร 4 (สูตรนี้ส่งสแกนค่า SPF จากทางซัพ)"
"701","15. ตามฟีดแบค Moi&Sun stick 30/06","16","","139","1","2023-06-15 04:46:33","2023-06-15 04:46:33"
"702","16. ตามฟีดแบค Moiture Cream 30/06","16","","139","1","2023-06-15 04:51:19","2023-06-15 04:51:19"
"703","2. รออัปเดตสูตร 1 -30/06","16","","147","1","2023-06-15 07:57:13","2023-06-15 07:57:13"
"704","2. ส่งเทส แป้งเด็ก (น้องเอิร์น) 7/07","16","","148","1","2023-06-28 02:18:07","2023-06-28 02:18:07"
"705","3. ส่งเทสแชมพู/เจลอาบน้ำน้องเฟิร์น"
"706","5. ส่งเทสสูตร 4 เพิ่ม *รอกิฟซี่ขึ้นงาน","16","","19","1","2023-08-31 04:46:38","2023-08-31 04:46:38"
"707","7. รอแบบจากน้องอิง","16","","136","1","2023-08-31 10:41:10","2023-08-31 10:41:10"
"708","8. รอมัดจำ 50%","16","","136","1","2023-08-31 10:41:24","2023-08-31 10:41:24"
"709","9. รอพิมพ์กล่อง","16","","136","1","2023-08-31 10:42:31","2023-08-31 10:42:31"
