"formula_masters_id","registration_document_id","topic_master_id","product_code","product_name","dc_version","sob_master_id","rd_formula_id","record_status","month_number","year_number","user_name_action","users_id","document_statuses_id","companies_id","product_index_number","finished_product_code","created_at","updated_at"
"FM2208001","FM-PD-08","1","JCM30","Jellyfish collagen mask sheet","2","SOB001","RDF2208001","0","8","2022","","","1","1","","","2022-11-02 03:31:59","2023-06-01 07:39:25"
"MF2211001","FM-PD-08","1","JCM30","Jellyfish collagen mask sheet","2","SOB001","RDF2208001","0","11","2022","Admin","","1","1","","","2022-11-09 04:42:46","2022-11-09 04:43:12"
"MF2211002","FM-PD-08","1","SNK30","Sunniu Kid sunscreen","1","SOB001","RDF2211003","1","11","2022","Admin","","2","1","","","2022-11-18 07:26:06","2022-11-18 07:51:40"
"MF2211003","FM-PD-08","1","SNK30","Sunniu Kid sunscreen","2","SOB001","RDF2211003","0","11","2022","Admin","","1","1","","","2022-11-18 07:38:04","2022-11-18 07:38:36"
"MF2211004","FM-PD-08","1","SNK30","Sunniu Kid sunscreen","2","SOB001","RDF2211004","1","11","2022","Admin","","1","1","","","2022-11-18 07:59:14","2022-11-18 07:59:14"
"MF2211005","FM-PD-08","1","SOC10","Seoul Organic Cream","9","SOB001","RDF2211007","1","11","2022","Admin","","1","1","","","2022-11-25 07:45:01","2023-06-28 07:42:20"
"MF2211006","FM-PD-08","1","sasas","Seoul Organic Cream","9","SOB001","RDF2211007","0","11","2022","Admin","","1","1","","","2022-11-29 02:10:46","2022-11-29 02:17:01"
"MF2211007","FM-PD-08","1","daasd","Jellyfish collagen mask sheet","2","SOB001","RDF2208001","0","11","2022","Admin","","1","1","","","2022-11-29 08:41:48","2022-11-29 08:42:34"
"MF2211008","FM-PD-08","1","22","Believe spot acne powder lotion","1","SOB001","RDF2211009","1","11","2022","Admin","","1","1","","","2022-11-30 03:18:54","2023-01-07 03:48:23"
"MF2211009","FM-PD-08","1","TCW180","Clean skincare treatment cleansing water (อย.เก่า)","1","SOB001","RDF2211012","1","11","2022","Admin","","2","1","","","2022-11-30 06:51:42","2024-05-14 05:00:14"
"MF2211010","FM-PD-08","1","333","Clean skincare treatment cleansing water","1","SOB001","RDF2211012","0","11","2022","Admin","","1","1","","","2022-11-30 07:16:11","2022-11-30 07:16:20"
"MF2212001","FM-PD-08","1","LGG50","Logan moisturizing gel","2.1","SOB001","RDF2212005","1","12","2022","Admin","","2","1","","","2022-12-02 02:34:59","2023-06-26 08:09:47"
"MF2212002","FM-PD-08","1","WTO250","[ยกเลิก]W diary revolutionary body treatment oil","3","SOB001","RDF2212007","1","12","2022","Admin","","2","1","","","2022-12-02 03:47:25","2025-06-23 09:08:32"
"MF2212003","FM-PD-08","1","HBC30","Her hyness bio-peptide advanced youth +glow cream","5","SOB001","RDF2212003","0","12","2022","Admin","","1","1","","","2022-12-02 04:10:21","2022-12-02 04:28:45"
"MF2212004","FM-PD-08","1","RCL250","Reconence texture body treatment Lotion (RC00R001)","4","SOB001","RDF2212001","1","12","2022","Admin","","2","1","","","2022-12-02 07:03:02","2024-07-26 07:39:42"
"MF2212005","FM-PD-08","1","็็็็HHC30","Her hyness hydra glow advance skin booster cream","5","SOB001","RDF2212004","0","12","2022","Admin","","1","1","","","2022-12-06 07:43:30","2022-12-06 09:07:44"
"MF2212006","FM-PD-08","1","HHC30","HER HYNESS HYDRA GLOW ADVANCED SKIN BOOSTER CREAM 30 mL.","5","SOB001","RDF2212004","1","12","2022","Admin","","2","1","","","2022-12-06 07:55:52","2025-04-01 02:13:16"
"MF2212007","FM-PD-08","1","NZF45","NANGZIN FOOT SPA","2","SOB001","RDF2212021","1","12","2022","Admin","","2","1","","","2022-12-07 03:29:07","2024-05-09 08:50:47"
"MF2212008","FM-PD-08","1","HGS30L01B05","Her hyness hydra glow advance skin booster serum","3","SOB001","RDF2212024","0","12","2022","Admin","","1","1","","","2022-12-07 04:40:37","2022-12-08 04:23:45"
"MF2212009","FM-PD-08","1","HGS30","Her hyness hydra glow advance skin booster serum (X)","3","SOB001","RDF2212024","1","12","2022","Admin","","2","1","","","2022-12-08 03:58:27","2024-04-05 06:27:06"
"MF2212010","FM-PD-08","1","SAS8","Seoul organic aloe serum 8mL","7","SOB001","RDF2212035","1","12","2022","Admin","","2","1","","","2022-12-09 02:46:31","2024-03-28 02:13:46"
"MF2212011","FM-PD-08","1","TNC30","Thanisa foot spa","2","SOB001","RDF2212041","0","12","2022","Admin","","1","1","","","2022-12-09 07:29:58","2023-11-10 10:55:09"
"MF2212012","FM-PD-08","1","NOX6","Nox Ultimate Spray","2","SOB001","RDF2212042","0","12","2022","Admin","","1","1","","","2022-12-09 07:38:13","2023-05-17 07:45:29"
"MF2212013","FM-PD-08","1","TNC30","THANNISA FOOT SOFT CREAM กลิ่น Dry skin","2.2","SOB001","RDF2212043","1","12","2022","Admin","","2","1","","","2022-12-09 08:07:23","2023-11-10 10:52:29"
"MF2212014","FM-PD-08","1","TNC30","THANNISA  Foot Soft Cream X","2","SOB001","RDF2212044","1","12","2022","Admin","","2","1","","","2022-12-10 08:22:52","2025-07-22 02:13:56"
"MF2212015","FM-PD-08","1","SWS7","SEOUL WHITE SERUM (7 mL)","1","SOB001","RDF2212045","1","12","2022","Admin","","2","1","","","2022-12-10 08:55:15","2024-09-05 03:36:59"
"MF2212016","FM-PD-08","1","SWS21","SEOUL WHITE SERUM (21 mL)","1","SOB001","RDF2212045","1","12","2022","Admin","","2","1","","","2022-12-10 09:38:45","2024-09-05 03:38:03"
"MF2212017","FM-PD-08","1","SOS7","Seoul organic sunscreen SPF 30 PA++","5","SOB001","RDF2211015","1","12","2022","Admin","","2","1","","","2022-12-12 02:14:31","2022-12-12 03:40:13"
"MF2212018","FM-PD-08","1","SAS24","Seoul organic sunscreen SPF 30 PA++","5","SOB001","RDF2211015","0","12","2022","Admin","","1","1","","","2022-12-12 03:31:48","2022-12-12 03:32:54"
"MF2212019","FM-PD-08","1","SAS24","SEOUL ORGANIC ALOE SERUM 24 mL.","7","SOB001","RDF2212035","1","12","2022","Admin","","2","1","","","2022-12-12 03:42:14","2024-09-06 03:07:45"
"MF2212020","FM-PD-08","1","TFS45","THANNISA EXFOLIATING FOOT SPA","1","SOB001","RDF2212046","1","12","2022","Admin","","2","1","","","2022-12-12 03:55:07","2024-01-18 08:17:26"
"MF2212021","FM-PD-08","1","HHS50","Her Hyness Royal Hya Water Sunscreen SPF50+ PA++++ (50mL)","8","SOB001","RDF2211010","1","12","2022","Admin","","2","1","","","2022-12-12 07:05:47","2023-07-25 04:53:57"
"MF2212022","FM-PD-08","1","HHS30","Her Hyness Royal Hya Water Sunscreen SPF50+ PA++++ (30mL)","8","SOB001","RDF2211010","1","12","2022","Admin","","2","1","","","2022-12-12 08:20:59","2023-07-25 07:01:01"
"MF2212023","FM-PD-08","1","HBS30","HER HYNESS BIO-PEPTIDE ADVANCED YOUTH PLUS GLOW SERUM 30 mL.","4.1","SOB001","RDF2212056","1","12","2022","Admin","","2","1","","","2022-12-13 06:49:21","2024-10-29 10:02:44"
"MF2212024","FM-PD-08","1","MST15","Matana Sun Black Rose Tone Up Sunscreen SPF50+ PA++++","1","SOB001","RDF2212063","1","12","2022","Admin","","2","1","","","2022-12-14 02:46:43","2022-12-14 04:43:54"
"MF2212025","FM-PD-08","1","DRL5","Dr.L Revitalize spray","1","SOB001","RDF2212070","1","12","2022","Charinthip Thawisirisap","","1","1","","","2022-12-17 06:56:42","2024-02-27 09:00:10"
"MF2212026","FM-PD-08","1","NSS30","NENICH HYBRID SUNSITIVE SUNSCREEN Ver.00","1","SOB001","RDF2212069","1","12","2022","Charinthip Thawisirisap","","2","1","","","2022-12-17 07:10:33","2024-01-10 09:44:40"
"MF2212027","FM-PD-08","1","YBC150","Yuy Revitalize body cream","1","SOB001","RDF2212072","1","12","2022","Bantita Petra","","2","1","","","2022-12-19 02:30:30","2022-12-19 08:56:17"
"MF2212028","FM-PD-08","1","NOX6","Nox Ultimate Spray (สูตรเก่า)","2","SOB001","RDF2212071","1","12","2022","Admin","","2","1","","","2022-12-19 02:31:11","2024-05-08 10:31:44"
"MF2212029","FM-PD-08","1","HGS30","HER HYNESS HYDRA GLOW ADVANCED SKIN BOOSTER SERUM 30 mL.","3","SOB001","RDF2212075","1","12","2022","Admin","","1","1","","","2022-12-19 03:34:15","2025-09-15 03:30:03"
"MF2212030","FM-PD-08","1","PCM20","Pharmazeus skin lab DNA repair gluta collagen mask sheet (X)","1","SOB001","RDF2212099","1","12","2022","Thidapon  Kliangrot","","2","1","","","2022-12-20 03:00:00","2023-12-11 02:38:31"
"MF2212031","FM-PD-08","1","MST15","Matana Sun Black Rose Tone Up Sunscreen SPF50+ PA++++","1","SOB001","RDF2212063","0","12","2022","Pongthana  Kumpunyo","","1","1","","","2022-12-21 07:16:10","2023-11-10 10:40:19"
"MF2212032","FM-PD-08","1","JBL500","Justeen lotion","1","SOB001","RDF2212066","1","12","2022","Admin","","2","1","","","2022-12-22 02:40:58","2022-12-23 03:32:31"
"MF2212033","FM-PD-08","1","DBL300","Doctor jel delicious glow body lotion china project","2","SOB001","RDF2212120","1","12","2022","Thidapon  Kliangrot","","2","1","","","2022-12-22 02:58:05","2022-12-22 03:05:07"
"MF2212034","FM-PD-08","1","CBS30","Chicky mild baby gentle sunscreen","2.1","SOB001","RDF2212122","1","12","2022","Admin","","1","1","","","2022-12-22 08:26:03","2023-10-16 10:29:30"
"MF2212035","FM-PD-08","1","SCG20","Seoul Organic Cleansing Gel","11","SOB001","RDF2212106","1","12","2022","Thidapon  Kliangrot","","1","1","","","2022-12-23 04:03:19","2022-12-23 04:03:19"
"MF2212036","FM-PD-08","1","MBT100","Miss Millions aura brightening lotion","1","SOB001","RDF2212119","1","12","2022","Charinthip Thawisirisap","","2","1","","","2022-12-23 09:34:15","2022-12-26 04:40:23"
"MF2212037","FM-PD-08","1","CRS15","Clarissa Serum","1","SOB001","RDF2212117","0","12","2022","Charinthip Thawisirisap","","1","1","","","2022-12-26 02:44:48","2022-12-26 02:48:26"
"MF2212038","FM-PD-08","1","CRS15","Clarissa Serum","1","SOB001","RDF2212117","0","12","2022","Charinthip Thawisirisap","","2","1","","","2022-12-26 02:52:35","2022-12-26 08:48:59"
"MF2212039","FM-PD-08","1","PCG100","Pharmular acne cycle clear cleansing gel  X","3","SOB001","RDF2212028","1","12","2022","Bantita Petra","","2","1","","","2022-12-26 06:07:49","2024-03-05 11:21:00"
"MF2212040","FM-PD-08","1","HBC30","Her hyness bio-peptide advanced youth+glow cream (X)","5","SOB001","RDF2212134","1","12","2022","Bantita Petra","","2","1","","","2022-12-26 07:13:10","2023-10-24 09:46:41"
"MF2212041","FM-PD-08","1","CIW120","CLARISSA INTIMATE WASH","1","SOB001","RDF2212116","1","12","2022","Thidapon  Kliangrot","","2","1","","","2022-12-26 07:28:50","2024-03-06 03:18:05"
"MF2212042","FM-PD-08","1","CRS15","Clarissa Serum","1","SOB001","RDF2212137","1","12","2022","Charinthip Thawisirisap","","2","1","","","2022-12-26 08:28:11","2023-07-12 06:41:29"
"MF2301001","FM-PD-08","1","DBL300","Doctor Jel aquaporin delicious body lotion","2","SOB001","RDF2211011","1","1","2023","Admin","","2","1","","","2023-01-05 10:13:34","2023-01-05 10:18:54"
"MF2301002","FM-PD-08","1","GUC30","Gangnam underarm cream","1","SOB001","RDF2212010","1","1","2023","Bantita Petra","","1","1","","","2023-01-06 09:15:48","2023-06-15 09:25:02"
"MF2301003","FM-PD-08","1","TRC15","Therese Rose Pure Cream","3","SOB001","RDF2301010","1","1","2023","Thidapon  Kliangrot","","2","1","","","2023-01-07 07:48:52","2023-01-10 03:20:08"
"MF2301004","FM-PD-08","1","MRS30","Matana serum","6","SOB001","RDF2212027","0","1","2023","Thatsanawaree Kotwong","","1","1","","","2023-01-09 02:02:23","2023-01-09 02:03:13"
"MF2301005","FM-PD-08","1","MRS30","MATANA ANGEL ROSE DROP SERUM","6","SOB001","RDF2301014","1","1","2023","Thatsanawaree Kotwong","","2","1","","","2023-01-09 02:03:35","2024-03-22 06:31:46"
"MF2301006","FM-PD-08","1","GMA30","Gangnam underarm cream Mile Apo","1","SOB001","RDF2301017","1","1","2023","Thatsanawaree Kotwong","","2","1","","","2023-01-09 09:47:04","2023-01-20 03:24:45"
"MF2301007","FM-PD-08","1","CBS30","Chicky mild baby gentle sunscreen","2","SOB001","RDF2212122","0","1","2023","Admin","","1","1","","","2023-01-10 02:31:21","2023-01-10 02:39:29"
"MF2301008","FM-PD-08","1","CBS30","Chicky mild baby gentle sunscreen","2","SOB001","RDF2212122","0","1","2023","Admin","","1","1","","","2023-01-10 02:38:07","2023-01-10 02:39:35"
"MF2301009","FM-PD-08","1","CBS31","Chicky mild baby gentle sunscreen","2","SOB001","RDF2212122","0","1","2023","Admin","","1","1","","","2023-01-10 02:38:32","2023-01-10 02:39:38"
"MF2301010","FM-PD-08","1","WCL200","W DIARY LIGHT-RADIANCE INTENSIVE CLOUD LOTION","2","SOB001","RDF2212012","1","1","2023","Thatsanawaree Kotwong","","2","1","","","2023-01-11 03:33:12","2024-06-27 10:18:14"
"MF2301011","FM-PD-08","1","MCS15","Matana moon black rose CC Sunscreen SPF50+ PA++++","3","SOB001","RDF2212079","0","1","2023","Bantita Petra","","1","1","","","2023-01-11 03:52:35","2023-01-14 03:12:23"
"MF2301012","FM-PD-08","1","WBS100","W Diary Anti-Aging Sensitive Body Sunscreen","1","SOB001","RDF2212114","1","1","2023","Thidapon  Kliangrot","","2","1","","","2023-01-12 02:12:10","2023-02-06 01:52:59"
"MF2301013","FM-PD-08","1","DPS300","Doctor Jel Delicious Amande De Provence Scrub","4","SOB001","RDF2301025","1","1","2023","Charinthip Thawisirisap","","2","1","","","2023-01-12 02:13:47","2023-07-12 09:30:55"
"MF2301014","FM-PD-08","1","FLS40","Fayme Light & Lock Water Gel Sunscreen SPF50+ PA++++","2","SOB001","RDF2301031","1","1","2023","Thatsanawaree Kotwong","","2","1","","","2023-01-13 04:05:18","2023-04-07 08:25:10"
"MF2301015","FM-PD-08","1","MCS15","Matana moon black rose CC Sunscreen SPF50+ PA++++","3","SOB001","RDF2301036","1","1","2023","Bantita Petra","","2","1","","","2023-01-14 01:58:37","2023-01-14 03:11:58"
"MF2301016","FM-PD-08","1","PSG7","PHARMULAR ACNE CLEAR SPOT GEL","5","SOB001","RDF2212115","1","1","2023","Warisara Na Chiangmai","","2","1","","","2023-01-16 02:21:14","2025-01-13 03:02:45"
"MF2301017","FM-PD-08","1","RBO100","Reconence Rejuvanate Potion Blue Retinol Advance Concentrate Body Oil","4","SOB001","RDF2301077","1","1","2023","Charinthip Thawisirisap","","1","1","","","2023-01-28 04:18:42","2023-02-20 05:00:19"
"MF2301018","FM-PD-08","1","BIS450","Minimori Spray","2","SOB001","RDF2212089","1","1","2023","Thatsanawaree Kotwong","","1","1","","","2023-01-28 06:43:04","2023-06-27 08:33:16"
"MF2301019","FM-PD-08","1","MMS900","Minimori Spray (แบบถุงรีฟิล 900 mL)","2","SOB001","RDF2212089","1","1","2023","Thatsanawaree Kotwong","","1","1","","","2023-01-28 07:34:46","2023-06-27 08:21:24"
"MF2301020","FM-PD-08","1","PCM20","Pharmazeus skin lab DNA repair gluta collagen mask sheet","2","SOB001","RDF2301078","1","1","2023","Thatsanawaree Kotwong","","2","1","","","2023-01-30 08:18:40","2024-08-28 09:29:13"
"MF2301021","FM-PD-08","1","YCG120","Yamana cleansing gel (Snow White)","2","SOB001","RDF2301060","1","1","2023","Thatsanawaree Kotwong","","2","1","","","2023-01-30 08:56:44","2025-08-11 02:18:39"
"MF2301022","FM-PD-08","1","VVC30","Viver underarm cream (ยกเลิก)","3.2","SOB001","RDF2212058","1","1","2023","Charinthip Thawisirisap","","2","1","","","2023-01-30 10:44:08","2023-03-21 02:28:48"
"MF2301023","FM-PD-08","1","YCN120","Yamana cleansing gel กลิ่น Sexy Fragance","2","SOB001","RDF2301079","1","1","2023","Thatsanawaree Kotwong","","2","1","","","2023-01-31 06:32:24","2025-08-14 03:02:31"
"MF2302001","FM-PD-08","1","DJH45","DR.JEL HAIR TONIC SPRAY 45 ML","1","SOB001","RDF2302007","1","2","2023","Thatsanawaree Kotwong","","2","1","","","2023-02-02 06:15:58","2024-06-28 08:15:47"
"MF2302002","FM-PD-08","1","CBD30","Dr.Jel CBD Cream","1","SOB001","RDF2302008","1","2","2023","Thatsanawaree Kotwong","","2","1","","","2023-02-03 06:30:00","2023-02-03 06:39:14"
"MF2302003","FM-PD-08","1","PSR30","PHARMULAR ACNE CLEAR SERUM (30 mL)","5","SOB001","RDF2212102","1","2","2023","Thatsanawaree Kotwong","","2","1","","","2023-02-09 04:30:21","2024-08-02 02:52:27"
"MF2302004","FM-PD-08","1","KHT100","Kimphally hair tonic","1","SOB001","RDF2212086","1","2","2023","Thatsanawaree Kotwong","","2","1","","","2023-02-14 06:22:05","2023-11-14 04:50:04"
"MF2302005","FM-PD-08","1","MRC20","Matana Honey Moon Rose Cream","1","SOB001","RDF2302025","1","2","2023","Charinthip Thawisirisap","","2","1","","","2023-02-14 06:25:20","2023-02-14 06:50:16"
"MF2302006","FM-PD-08","1","HBO100","HOUSE OF SKIN COCONUT BODY OIL","3.2","SOB001","RDF2302020","1","2","2023","Thidapon  Kliangrot","","2","1","","","2023-02-16 02:09:31","2023-07-14 06:12:59"
"MF2302007","FM-PD-08","1","NSS30","NENICH HYBRID SUNSITIVE SUNSCREEN (REWORK)","1","SOB001","RDF2212069","0","2","2023","Thatsanawaree Kotwong","","1","1","","","2023-02-16 02:27:19","2023-02-16 02:27:58"
"MF2302008","FM-PD-08","1","NSS30","NENICH HYBRID SUNSITIVE SUNSCREEN (REWOEK) Ver.01","4","SOB001","RDF2302030","1","2","2023","Charinthip Thawisirisap","","2","1","","","2023-02-17 03:25:06","2024-01-10 09:45:02"
"MF2302009","FM-PD-08","1","YCM120","YAMANA BRAND COSMETICS CLEANSING GEL กลิ่น Snow White","2","SOB001","RDF2302033","1","2","2023","Thatsanawaree Kotwong","","2","1","","","2023-02-17 03:26:12","2023-02-17 07:07:37"
"MF2302010","FM-PD-08","1","HBC30","HER HYNESS BIO-PEPTIDE ADVANCED YOUTH PLUS GLOW CREAM 30 ml","5.1","SOB001","RDF2302032","1","2","2023","Thatsanawaree Kotwong","","2","1","","","2023-02-17 04:18:26","2025-07-16 04:20:58"
"MF2302011","FM-PD-08","1","RBO100","Reconence Rejuvanate Potion Blue Retinol Advance Concentrate Body Oil","4","SOB001","RDF2301077","0","2","2023","Charinthip Thawisirisap","","1","1","","","2023-02-17 11:31:34","2023-02-17 11:32:02"
"MF2302012","FM-PD-08","1","AHC250","AHANA MIRACLE HAIR SERUM สูตร Color Care","2.1","SOB001","RDF2212127","1","2","2023","Thatsanawaree Kotwong","","2","1","","","2023-02-18 06:57:22","2023-07-19 04:21:52"
"MF2302013","FM-PD-08","1","AHD250","AHANA MIRACLE HAIR SERUM สูตร Dry&Damage","2.2","SOB001","RDF2301008","1","2","2023","Thatsanawaree Kotwong","","2","1","","","2023-02-18 07:42:49","2023-07-19 02:05:23"
"MF2302014","FM-PD-08","1","YPP15","Yamana Poko Serum","1","SOB001","RDF2301061","1","2","2023","Thatsanawaree Kotwong","","2","1","","","2023-02-20 06:45:44","2023-02-21 04:16:08"
"MF2302015","FM-PD-08","1","ODS30","ORCHID & ME DARE TO BARE FACE SERUM","2","SOB001","RDF2212057","1","2","2023","Charinthip Thawisirisap","","2","1","","","2023-02-25 09:08:47","2023-11-23 10:48:31"
"MF2303001","FM-PD-08","1","AHS3000","Spray Alcohol Dr.Jel (ร.ร.นานาชาติเอกมัย)","1","SOB001","RDF2303001","1","3","2023","Thatsanawaree Kotwong","","1","1","","","2023-03-03 06:44:11","2023-03-03 06:44:11"
"MF2303002","FM-PD-08","1","NHT50","NANA Hair Tonic","1","SOB001","RDF2302021","1","3","2023","Thatsanawaree Kotwong","","1","1","","","2023-03-03 09:37:22","2023-03-03 09:37:22"
"MF2303003","FM-PD-08","1","TFS45","(FDA)THANNISA EXFOLIATING FOOT SPA","1","SOB001","RDF2303018","1","3","2023","Thidapon  Kliangrot","","2","1","","","2023-03-10 05:54:28","2023-03-21 02:30:30"
"MF2303004","FM-PD-08","1","RCL250","(FDA)RECONENCE TEXTURE BODY TREATMENT LOTION","1","SOB001","RDF2303019","1","3","2023","Charinthip Thawisirisap","","2","1","","","2023-03-11 06:50:24","2023-03-21 02:29:49"
"MF2303005","FM-PD-08","1","ITTEST","Jellyfish collagen mask sheet","2","SOB001","RDF2208001","0","3","2023","Admin","","1","1","","","2023-03-13 02:19:24","2023-03-13 02:20:51"
"MF2303006","FM-PD-08","1","-","MDlight Nasal Spray","1","SOB001","RDF2302002","1","3","2023","Charinthip Thawisirisap","","2","1","","","2023-03-13 04:39:26","2023-03-13 06:54:08"
"MF2303007","FM-PD-08","1","TRC15","THERESE ROSE PURE CREAM","3","SOB001","RDF2303029","0","3","2023","Admin","","1","1","","","2023-03-15 04:04:06","2023-05-16 03:00:50"
"MF2303008","FM-PD-08","1","HHS02","Her Hyness Royal Hya Water Sunscreen SPF50+ PA++++ (2mL)","8","SOB001","RDF2211010","1","3","2023","Thatsanawaree Kotwong","","2","1","","","2023-03-17 06:19:25","2023-07-25 07:19:20"
"MF2303009","FM-PD-08","1","DMO60","DR.JEL MASSAGE OIL","1","SOB001","RDF2303035","1","3","2023","Thatsanawaree Kotwong","","2","1","","","2023-03-20 04:54:28","2024-02-27 09:28:12"
"MF2303010","FM-PD-08","1","NBH50","NABI HAIR TONIC SPRAY","1","SOB001","RDF2212085","1","3","2023","Thatsanawaree Kotwong","","2","1","","","2023-03-20 06:30:39","2023-07-11 03:45:33"
"MF2303011","FM-PD-08","1","GCC30","Gangnam clinic collagen skincare cream","2","SOB001","RDF2212029","1","3","2023","Thatsanawaree Kotwong","","2","1","","","2023-03-20 08:19:33","2023-12-11 06:26:29"
"MF2303012","FM-PD-08","1","AHG300","DR.JEL ALCOHOL HAND GEL","1","SOB001","RDF2301013","1","3","2023","Thatsanawaree Kotwong","","2","1","","","2023-03-24 03:08:03","2023-03-24 03:33:06"
"MF2303013","FM-PD-08","1","DLT300","Doctor Jel aquaporin delicious body lotion (สูตรลดความหนืด)","1","SOB001","RDF2303039","1","3","2023","Thatsanawaree Kotwong","","2","1","","","2023-03-24 06:03:56","2023-11-29 10:07:12"
"MF2303014","FM-PD-08","1","PSC30L01B01","Ps and Co PS Glowing Rice mix Honey Mask","6","SOB001","RDF2303040","1","3","2023","Admin","","2","1","","","2023-03-24 07:11:13","2023-04-03 06:59:58"
"MF2303015","FM-PD-08","1","FBT150","Foresta pH 5.5 balancing toner","1","SOB001","RDF2303042","1","3","2023","Thatsanawaree Kotwong","","2","1","","","2023-03-27 10:07:35","2025-01-27 10:20:25"
"MF2303016","FM-PD-08","1","GBC30","GANGNAM CLINIC BRIGHTENING CREAM","1","SOB001","RDF2212111","1","3","2023","Thatsanawaree Kotwong","","2","1","","","2023-03-29 04:24:12","2023-10-20 03:23:37"
"MF2303017","FM-PD-08","1","GAG30","Gangnam clinic organic aloe vera gel","1","SOB001","RDF2212014","1","3","2023","Thatsanawaree Kotwong","","2","1","","","2023-03-29 04:52:34","2023-06-29 04:22:32"
"MF2303018","FM-PD-08","1","DWS50","Doctor jel UV water delicious sunscreen","2","SOB001","RDF2303057","1","3","2023","Thatsanawaree Kotwong","","2","1","","","2023-03-31 06:12:22","2023-11-29 10:12:52"
"MF2304001","FM-PD-08","1","KSM100","Dr.Kim stretch mark cream","6","SOB001","RDF2212032","1","4","2023","Thatsanawaree Kotwong","","2","1","","","2023-04-04 04:49:41","2023-04-04 07:58:49"
"MF2304002","FM-PD-08","1","HGS30","Her hyness hydra glow advance skin booster serum (เปลี่ยนสาร)","1","SOB001","RDF2303049","1","4","2023","Thatsanawaree Kotwong","","2","1","","","2023-04-04 10:10:28","2023-04-05 08:14:53"
"MF2304003","FM-PD-08","1","HHC30","Her hyness hydra glow advance skin booster cream (เปลี่ยนสาร)","1","SOB001","RDF2304001","1","4","2023","Thatsanawaree Kotwong","","2","1","","","2023-04-04 10:36:26","2023-04-05 08:25:45"
"MF2304004","FM-PD-08","1","KSG20","Dr.Kim scar gel","3","SOB001","RDF2212030","1","4","2023","Thatsanawaree Kotwong","","2","1","","","2023-04-06 04:00:42","2023-04-06 08:20:49"
"MF2304005","FM-PD-08","1","KCC20","Dr.Kim after care cream","4","SOB001","RDF2212026","1","4","2023","Thatsanawaree Kotwong","","2","1","","","2023-04-06 04:50:54","2023-12-07 07:29:46"
"MF2304006","FM-PD-08","1","FRE100","FORESTA EAU DE ROSE ESSENCE","1","SOB001","RDF2304007","1","4","2023","Thatsanawaree Kotwong","","2","1","","","2023-04-06 10:28:14","2025-04-01 01:51:34"
"MF2304007","FM-PD-08","1","DRH360","DR.JEL HAIR TONIC SPRAY 360 ML","1","SOB001","RDF2302007","1","4","2023","Thatsanawaree Kotwong","","2","1","","","2023-04-10 04:31:32","2023-07-11 09:21:57"
"MF2304008","FM-PD-08","1","PSR3","Pharmular acne cycle clear serum","5","SOB001","RDF2212102","1","4","2023","Thatsanawaree Kotwong","","2","1","","","2023-04-10 04:42:06","2025-08-19 11:49:49"
"MF2304009","FM-PD-08","1","LLW100","LER LYS BALANCING FACIAL GEL WASH","4","SOB001","RDF2302013","1","4","2023","Charinthip Thawisirisap","","2","1","","","2023-04-25 02:20:34","2023-05-10 10:35:58"
"MF2304010","FM-PD-08","1","AHS3000","Dr.Jel Alcohol Spray","1","SOB001","RDF2304050","0","4","2023","Charinthip Thawisirisap","","1","1","","","2023-04-25 09:57:57","2023-11-10 09:16:03"
"MF2304011","FM-PD-08","1","AHS3000","Dr.Jel Alcohol Spray 3000 ml","1","SOB001","RDF2304051","1","4","2023","Charinthip Thawisirisap","","2","1","","","2023-04-25 10:14:03","2024-01-26 08:09:17"
"MF2304012","FM-PD-08","1","AHS1000","Dr.Jel Alcohol Spray 1000 ml","1","SOB001","RDF2304052","1","4","2023","Charinthip Thawisirisap","","2","1","","","2023-04-25 10:19:17","2024-01-26 07:56:44"
"MF2304013","FM-PD-08","1","LAG07","LER LYS ADVANCED ANTI-ACNE GEL","2","SOB001","RDF2212020","1","4","2023","Thidapon  Kliangrot","","2","1","","","2023-04-26 02:10:25","2023-11-24 07:25:26"
"MF2304014","FM-PD-08","1","LLS30","LER LYS ANTI ACNE SERUM","3.2","SOB001","RDF2212017","1","4","2023","Admin","","2","1","","","2023-04-26 03:57:02","2023-11-23 07:11:02"
"MF2304015","FM-PD-08","1","MGO30","MORINGA FACIAL OIL 30 mL","1","SOB001","RDF2211013","1","4","2023","Admin","","2","1","","","2023-04-27 04:17:04","2024-02-28 10:02:25"
"MF2304016","FM-PD-08","1","MGO100","MORINGA FACIAL OIL 100 mL","1","SOB001","RDF2211013","1","4","2023","Admin","","2","1","","","2023-04-27 04:52:27","2024-02-28 09:57:34"
"MF2304017","FM-PD-08","1","GNT95","GANGNUM CLINIC UNDERARM AND NECK TONER ** REWORK**","1","SOB001","RDF2304068","1","4","2023","Thatsanawaree Kotwong","","2","1","","","2023-04-28 06:54:19","2023-07-14 03:58:50"
"MF2305001","FM-PD-08","1","DHM100","DR.JEL HONEYMOON CLEANSING MAKEUP REMOVER WITH ACACIA HONEY GEL","1","SOB001","RDF2212009","1","5","2023","Thatsanawaree Kotwong","","2","1","","","2023-05-08 04:14:41","2025-02-12 10:03:19"
"MF2305002","FM-PD-08","1","VVC30","Viver underarm cream","1","SOB001","RDF2305060","1","5","2023","Charinthip Thawisirisap","","1","1","","","2023-05-19 03:44:45","2023-05-19 09:56:25"
"MF2305003","FM-PD-08","1","NCR30","NICHARICH  HYBRID SUNSCREEN SPF50 PA++++","5","SOB001","RDF2305062","1","5","2023","Warisara Na Chiangmai","","2","1","","","2023-05-19 09:24:19","2023-07-03 06:19:42"
"MF2305004","FM-PD-08","1","FWV30","Foresta Whitening & Pore Minimizing Serum Ver.2","1","SOB001","RDF2305070","1","5","2023","Thatsanawaree Kotwong","","2","1","","","2023-05-25 06:29:21","2023-07-26 02:18:17"
"MF2305005","FM-PD-08","1","LLT75","LER LYS TONE UP BODY LOTION","7","SOB001","RDF2304024","1","5","2023","Charinthip Thawisirisap","","2","1","","","2023-05-26 10:14:25","2023-07-17 10:30:22"
"MF2305006","FM-PD-08","1","RCM120","Reconence Matcha Gentle Gel Cleanser","1","SOB001","RDF2303022","0","5","2023","Thatsanawaree Kotwong","","1","1","","","2023-05-30 07:28:51","2023-05-30 08:55:13"
"MF2305007","FM-PD-08","1","RCM120","RECONENCE MATCHA GENTLE GEL CLEANSER","2","SOB001","RDF2305084","1","5","2023","Thidapon  Kliangrot","","2","1","","","2023-05-30 09:40:40","2023-11-23 09:13:32"
"MF2306001","FM-PD-08","1","HFS45","HISAN Gentle foot spa","1","SOB001","RDF2306001","1","6","2023","Thatsanawaree Kotwong","","2","1","","","2023-06-01 02:42:35","2023-06-27 04:56:36"
"MF2306002","FM-PD-08","1","-","Sunscreen","5","SOB001","RDF2305062","0","6","2023","Warisara Na Chiangmai","","1","1","","","2023-06-09 02:56:29","2023-11-06 03:53:13"
"MF2306003","FM-PD-08","1","YPS15","YAMANA POKO","1","SOB001","RDF2306087","0","6","2023","Thidapon  Kliangrot","","1","1","","","2023-06-09 06:51:01","2023-06-09 06:52:57"
"MF2306004","FM-PD-08","1","YPS15","YAMANA POKO SERUM (กลิ่น Sexy Fragrance)","1","SOB001","RDF2306087","1","6","2023","Thidapon  Kliangrot","","2","1","","","2023-06-09 06:56:02","2023-08-11 04:42:37"
"MF2306005","FM-PD-08","1","RCS50","Reconence cooling & soothing masque gel","9","SOB001","RDF2301063","1","6","2023","Thidapon  Kliangrot","","2","1","","","2023-06-13 06:56:58","2023-06-30 04:50:03"
"MF2306006","FM-PD-08","1","NUH70","NEW YOU  HAIR TONIC CONCENTRATED HERBAL EXTRA PLUS","2","SOB001","RDF2306120","1","6","2023","Charinthip Thawisirisap","","2","1","","","2023-06-15 10:26:59","2023-06-30 03:47:37"
"MF2306007","FM-PD-08","1","GUC30","Gangnam Underarm Cream (ปรับprocess)","1","SOB001","RDF2306121","1","6","2023","Charinthip Thawisirisap","","2","1","","","2023-06-15 11:02:05","2023-08-23 02:45:36"
"MF2306008","FM-PD-08","1","RNS100","René My Favorite Scrub","6","SOB001","RDF2306091","1","6","2023","Thidapon  Kliangrot","","1","1","","","2023-06-22 03:08:08","2023-06-26 08:25:57"
"MF2307001","FM-PD-08","1","NCR30","NICHARICH  HYBRID SUNSCREEN SPF50 PA++++","5","SOB001","RDF2305062","0","7","2023","Pongthana  Kumpunyo","","1","1","","","2023-07-04 02:03:25","2023-07-04 02:19:06"
"MF2307002","FM-PD-08","1","NCR30","NICHARICH  HYBRID SUNSCREEN SPF50 PA++++","5","SOB001","RDF2305062","0","7","2023","Pongthana  Kumpunyo","","1","1","","","2023-07-04 02:10:08","2023-07-04 02:19:03"
"MF2307003","FM-PD-08","1","NCR30","NICHARICH  HYBRID SUNSCREEN SPF50 PA++++","5","SOB001","RDF2305062","0","7","2023","Todsaporn Saelow","","1","1","","","2023-07-04 02:13:37","2023-07-04 02:19:00"
"MF2307004","FM-PD-08","1","NCR30","NICHARICH  HYBRID SUNSCREEN SPF50 PA++++","5","SOB001","RDF2305062","0","7","2023","Todsaporn Saelow","","1","1","","","2023-07-04 02:32:09","2023-07-04 02:32:16"
"MF2307005","FM-PD-08","1","GLB50","GREENLEAFS BODY INTENSIVE CREAM","1","SOB001","RDF2304041","1","7","2023","Charinthip Thawisirisap","","2","1","","","2023-07-06 04:10:19","2023-11-23 03:02:31"
"MF2307006","FM-PD-08","1","JMD20000","JM ECO BIO Dish washing liquid","1","SOB001","RDF2307007","1","7","2023","Thidapon  Kliangrot","","1","1","","","2023-07-12 02:49:49","2023-11-22 07:29:22"
"MF2307007","FM-PD-08","1","KAN45","KANE FOOT SPA","1","SOB001","RDF2307049","1","7","2023","Thatsanawaree Kotwong","","2","1","","","2023-07-13 08:22:47","2023-11-16 03:18:41"
"MF2307008","FM-PD-08","1","SSF45","SONG SOR FOOT SPA","1","SOB001","RDF2306090","1","7","2023","Thatsanawaree Kotwong","","2","1","","","2023-07-13 11:04:05","2023-11-16 03:18:53"
"MF2307009","FM-PD-08","1","GNT95","Gangnam Underarm & Neck Toner ** เพิ่ม pH buffer **","1","SOB001","RDF2307057","1","7","2023","Thidapon  Kliangrot","","2","1","","","2023-07-14 06:31:41","2024-10-22 09:12:12"
"MF2307010","FM-PD-08","1","CTE20","CHE TE AURA BOOSTING ESSENCE","1","SOB001","RDF2306077","1","7","2023","Pongthana  Kumpunyo","","2","1","","","2023-07-17 07:41:55","2023-11-09 09:36:57"
"MF2307011","FM-PD-08","1","GNH30","GNH ALL IN 1 SUNSCREEN SPF50++","1","SOB001","RDF2306193","1","7","2023","Thidapon  Kliangrot","","2","1","","","2023-07-18 06:42:32","2023-11-09 06:55:55"
"MF2307012","FM-PD-08","1","KNS30","KANE HYA 8 BRIGHTENING SERUM","3","SOB001","RDF2306159","1","7","2023","Charinthip Thawisirisap","","2","1","","","2023-07-25 06:05:43","2023-11-09 04:48:29"
"MF2308001","FM-PD-08","1","ALS5000","Angelique Shampoo","2","SOB001","RDF2305029","1","8","2023","Thidapon  Kliangrot","","2","1","","","2023-08-03 09:34:40","2023-08-04 09:31:02"
"MF2308002","FM-PD-08","1","DRH120","DR.JEL HAIR TONIC SPRAY 120 ML","1","SOB001","RDF2302007","1","8","2023","Charinthip Thawisirisap","","2","1","","","2023-08-04 07:04:32","2023-08-07 03:43:41"
"MF2308003","FM-PD-08","1","YDC200","Yuudai Elastic Curling Cream","5","SOB001","RDF2308023","1","8","2023","Thanyanitchawee Sriwaranon","","2","1","","","2023-08-11 02:58:24","2023-09-21 10:16:40"
"MF2308004","FM-PD-08","1","CBS30","Saakin Dragon blood scar gel","3","SOB001","RDF2305087","0","8","2023","Warisara Na Chiangmai","","1","1","","","2023-08-11 03:12:53","2023-08-11 03:34:56"
"MF2308005","FM-PD-08","1","SKG015","SAAKIN DRAGON BLOOD SCAR GEL","3","SOB001","RDF2305087","1","8","2023","Warisara Na Chiangmai","","2","1","","","2023-08-11 03:41:42","2023-10-20 09:27:14"
"MF2308006","FM-PD-08","1","FCG150","Fresheral forest herb deep cleansing gel","6","SOB001","RDF2306080","0","8","2023","Charinthip Thawisirisap","","1","1","","","2023-08-16 06:50:24","2023-08-16 06:57:35"
"MF2308007","FM-PD-08","1","FTG150","FRESHERAL FOREST HERBS DEEP CLEANSING SAPONIN TEA GEL","6","SOB001","RDF2306080","1","8","2023","Charinthip Thawisirisap","","2","1","","","2023-08-16 06:58:40","2023-11-08 10:51:03"
"MF2308008","FM-PD-08","1","FRE100","FORESTA EAU DE ROSE ESSENCE (อย.)","1","SOB001","RDF2308085","1","8","2023","Charinthip Thawisirisap","","2","1","","","2023-08-23 09:04:51","2024-07-17 10:44:32"
"MF2308009","FM-PD-08","1","KCC20","DR.KIM AFTER CARE CREAM (อย.)","1","SOB001","RDF2308082","1","8","2023","Charinthip Thawisirisap","","2","1","","","2023-08-23 09:36:17","2023-11-24 02:21:58"
"MF2308010","FM-PD-08","1","HLS30","HONEY LAB INTENSIVE SERUM","2","SOB001","RDF2306137","1","8","2023","Charinthip Thawisirisap","","2","1","","","2023-08-28 03:26:06","2023-08-28 04:09:54"
"MF2308011","FM-PD-08","1","GES50","Gangnam Clinic UV Elite Shield Aqua Sunscreen สูตรเก่า","2","SOB001","RDF2306041","1","8","2023","Charinthip Thawisirisap","","2","1","","","2023-08-31 04:35:52","2023-09-13 02:59:13"
"MF2308012","FM-PD-08","1","FVS30","Foresta Vegan sunscreen SPF50+ PA++++ (น้องเขียว)","3","SOB001","RDF2212031","1","8","2023","Charinthip Thawisirisap","","2","1","","","2023-08-31 06:07:23","2024-04-24 07:03:52"
"MF2309001","FM-PD-08","1","SBC80","Smootas Body BB cream","3","SOB001","RDF2306125","0","9","2023","Thanyanitchawee Sriwaranon","","1","1","","","2023-09-05 07:59:43","2023-09-05 08:01:35"
"MF2309002","FM-PD-08","1","SBC80","SMOOTAS BOOTY & BODY BB CREAM","3.2","SOB001","RDF2306125","1","9","2023","Thatsanawaree Kotwong","","2","1","","","2023-09-05 08:37:12","2023-09-11 03:55:15"
"MF2309003","FM-PD-08","1","FGS30","FORESTA GOLDEN C VEGAN SERUM","5","SOB001","RDF2305035","1","9","2023","Thatsanawaree Kotwong","","2","1","","","2023-09-07 02:36:53","2023-09-27 03:56:30"
"MF2309004","FM-PD-08","1","WGS150","W diary Gorgeous magic Smooth Powder Scrub","9","SOB001","RDF2307070","1","9","2023","Warisara Na Chiangmai","","2","1","","","2023-09-12 02:07:38","2025-01-08 06:23:36"
"MF2309005","FM-PD-08","1","WAS150","W diary Awake happy joy Original Powder Scrub","6.2","SOB001","RDF2306012","1","9","2023","Thatsanawaree Kotwong","","2","1","","","2023-09-12 06:40:39","2025-01-06 10:45:45"
"MF2309006","FM-PD-08","1","GES50","Gangnam Clinic UV Elite Shield Aqua Sunscreen SPF50 PA++++","2.1","SOB001","RDF2309034","1","9","2023","Pongthana  Kumpunyo","","2","1","","","2023-09-12 06:48:42","2024-01-17 06:34:34"
"MF2309007","FM-PD-08","1","DHT95","DR.JEL DOUBLE HYA ALL SOLUTION TONER","2","SOB001","RDF2309022","1","9","2023","Thidapon  Kliangrot","","2","1","","","2023-09-14 07:11:55","2023-09-19 03:35:09"
"MF2309008","FM-PD-08","1","BRF45","BOON RAWD BRAND FOOT SPA YAIBOONRAWD","1","SOB001","RDF2308084","1","9","2023","Thidapon  Kliangrot","","2","1","","","2023-09-18 09:04:02","2023-09-19 03:13:22"
"MF2309009","FM-PD-08","1","BRC30","BOON RAWD BRAND YAIBOONRAWD FOOT CREAM","1.3","SOB001","RDF2308017","1","9","2023","Thidapon  Kliangrot","","2","1","","","2023-09-20 03:12:24","2023-09-27 02:36:17"
"MF2309010","FM-PD-08","1","FVF100","FORESTA PH5.5 VEGAN MICELLAR CLEANSING FOAM","1","SOB001","RDF2212078","1","9","2023","Warisara Na Chiangmai","","2","1","","","2023-09-21 09:53:11","2023-09-28 08:06:16"
"MF2309011","FM-PD-08","1","LGTC5","LA GLACE CLOUDY BARE SKIN TINT #00 (แบบซอง)","1","SOB001","RDF2308110","1","9","2023","Warisara Na Chiangmai","","2","1","","","2023-09-21 10:24:26","2023-10-09 06:52:04"
"MF2309012","FM-PD-08","1","LGTS5","LA GLACE CLOUDY BARE SKIN TINT #01 (แบบซอง)","1","SOB001","RDF2308112","1","9","2023","Warisara Na Chiangmai","","2","1","","","2023-09-21 10:27:10","2023-10-09 07:54:13"
"MF2309013","FM-PD-08","1","LGBS15","LA GLACE CLOUDY BARE SKIN TINT (แบบหลอด) #01","1","SOB001","RDF2308112","0","9","2023","Thatsanawaree Kotwong","","1","1","","","2023-09-25 02:38:17","2023-09-25 02:42:18"
"MF2309014","FM-PD-08","1","LGBC15","LA GLACE CLOUDY BARE SKIN TINT #00 (แบบหลอด)","1","SOB001","RDF2308110","1","9","2023","Thatsanawaree Kotwong","","2","1","","","2023-09-25 02:41:59","2023-10-09 10:38:45"
"MF2309015","FM-PD-08","1","LGBS15","LA GLACE CLOUDY BARE SKIN TINT #01 (แบบหลอด)","1","SOB001","RDF2308112","1","9","2023","Thatsanawaree Kotwong","","2","1","","","2023-09-25 02:45:21","2023-10-09 09:13:43"
"MF2310001","FM-PD-08","1","ZPS30","Z - PRIME INTENSIVE ENRICH SKIN SERUM","1","SOB001","RDF2305039","1","10","2023","Thidapon  Kliangrot","","2","1","","","2023-10-03 04:46:21","2023-10-03 09:14:22"
"MF2310002","FM-PD-08","1","RDS30","RIDA DRAGON\S BLOOD INTENSIVE SERUM,8,SOB001,RDF2307060,1,10,2023,Charinthip Thawisirisap,NULL,2,1,NULL,NULL,2023-10-11 06:59:48,2023-10-20 10:31:22"
"MF2310003","FM-PD-08","1","DHS550","Dr.Jel Alcohol Spray - foggy 550 ml.","1","SOB001","RDF2310064","1","10","2023","Thatsanawaree Kotwong","","2","1","","","2023-10-11 08:23:22","2024-01-17 10:44:38"
"MF2310004","FM-PD-08","1","SBG30","SKINTH BERRY MOISTURIZER GEL","1","SOB001","RDF2308042","1","10","2023","Thanyanitchawee Sriwaranon","","2","1","","","2023-10-11 08:43:23","2023-10-20 09:41:45"
"MF2310005","FM-PD-08","1","FTL100","FAYRA TONE UP WHITENING UV BODY LOTION","4","SOB001","RDF2306082","1","10","2023","Warisara Na Chiangmai","","2","1","","","2023-10-17 03:08:29","2023-11-17 10:29:10"
"MF2310006","FM-PD-08","1","NSS30","Nenich Hybrid  Sunsitive Sunscreen Ver.02","4","SOB001","RDF2310091","1","10","2023","Charinthip Thawisirisap","","2","1","","","2023-10-20 02:31:14","2024-06-06 06:27:31"
"MF2310007","FM-PD-08","1","GUC50","GANGNAM CLINIC UNDERARM CREAM 50 mL.","1","SOB001","RDF2310079","1","10","2023","Charinthip Thawisirisap","","2","1","","","2023-10-20 03:40:43","2023-11-30 08:50:12"
"MF2310008","FM-PD-08","1","GCC30","GANGNAM CLINIC COLLAGEN SKINCARE CREAM (อย.)","1","SOB001","RDF2310103","1","10","2023","Charinthip Thawisirisap","","2","1","","","2023-10-24 04:26:48","2023-11-09 09:37:33"
"MF2310009","FM-PD-08","1","BOL200","BEBI BABY BOBU DESERT MILK ORGANIC BABY LOTION","4","SOB001","RDF2308013","1","10","2023","Warisara Na Chiangmai","","2","1","","","2023-10-25 02:20:30","2023-10-30 07:12:23"
"MF2310010","FM-PD-08","1","TNS20","TANA DARK SPOT BRIGHTENING SERUM","5","SOB001","RDF2308046","1","10","2023","Thanyanitchawee Sriwaranon","","2","1","","","2023-10-25 06:20:16","2023-10-25 08:29:59"
"MF2310011","FM-PD-08","1","BSF330","BEBI BABY BOBU ORGANIC BABY SHAMPOO & CONDITIONER BUTTERFLY PEA FOAM","2.1","SOB001","RDF2306196","1","10","2023","Thatsanawaree Kotwong","","2","1","","","2023-10-30 07:56:42","2023-11-15 10:05:47"
"MF2310012","FM-PD-08","1","PDG10","PHARMULAR DARK SPOT AND SCAR GEL","6","SOB001","RDF2306179","1","10","2023","Charinthip Thawisirisap","","2","1","","","2023-10-30 10:33:55","2025-02-10 08:50:15"
"MF2311001","FM-PD-08","1","NAC100","NENICH ALL-AGES CLEANSER","1","SOB001","RDF2309088","1","11","2023","Charinthip Thawisirisap","","2","1","","","2023-11-15 06:54:30","2024-05-24 08:42:31"
"MF2311002","FM-PD-08","1","DKS500","DKUB K24 SHAMPOO","2","SOB001","RDF2308062","1","11","2023","Thidapon  Kliangrot","","2","1","","","2023-11-15 07:23:15","2023-11-16 02:57:17"
"MF2311003","FM-PD-08","1","MMG500","MINIMORI MULTI PURPOSE CLEANING GEL","4.2","SOB001","RDF2306178","1","11","2023","Thidapon  Kliangrot","","2","1","","","2023-11-15 07:50:55","2023-11-17 09:55:54"
"MF2311004","FM-PD-08","1","BHF330","BEBI BABY BOBU ORGANIC BABY HEAD TO TOE CHAMOMILE & CHERRY BLOSSOM FOAM","3","SOB001","RDF2308068","1","11","2023","Thidapon  Kliangrot","","2","1","","","2023-11-15 08:31:15","2023-11-15 09:40:11"
"MF2311005","FM-PD-08","1","DKC500","DKUB K24 CONDITIONER","4.3","SOB001","RDF2311049","1","11","2023","Warisara Na Chiangmai","","2","1","","","2023-11-24 07:00:20","2023-11-28 02:28:55"
"MF2311006","FM-PD-08","1","MLB450","[ยกเลิก]MiniMori Nano Silver Sanitizing Spray (กลิ่น Lavender+Peppermint)","2.1","SOB001","RDF2306151","1","11","2023","Charinthip Thawisirisap","","2","1","","","2023-11-24 10:57:46","2025-06-19 07:03:24"
"MF2311007","FM-PD-08","1","MLP900","[ยกเลิก]MiniMori Nano Silver Sanitizing Spray (กลิ่น Lavender+Peppermint) ถุง","2.1","SOB001","RDF2306151","1","11","2023","Thatsanawaree Kotwong","","2","1","","","2023-11-28 09:55:43","2025-06-19 07:06:19"
"MF2312001","FM-PD-08","1","SIS15","90 SEC Instant Wrinkless Away Serum","1","SOB001","RDF2312006","1","12","2023","Charinthip Thawisirisap","","2","1","","","2023-12-04 04:46:25","2023-12-04 04:46:32"
"MF2312002","FM-PD-08","1","THS30","THE LABATORIAN FRESH HYDROLOTION BROAD SPECTRUM HYBRID SUNSCREEN SPF 50 + PA ++++","8","SOB001","RDF2312017","1","12","2023","Charinthip Thawisirisap","","2","1","","","2023-12-07 02:26:17","2025-03-14 06:58:19"
"MF2312003","FM-PD-08","1","MUB450","[ยกเลิก]MiniMori Nano Silver Sanitizing Spray (Unscented) ขวด","2.2","SOB001","RDF2306152","1","12","2023","Charinthip Thawisirisap","","2","1","","","2023-12-12 03:05:21","2025-06-19 07:05:27"
"MF2312004","FM-PD-08","1","MUP900","[ยกเลิก]MiniMori Nano Silver Sanitizing Spray (Unscented)","2.2","SOB001","RDF2306152","1","12","2023","Thatsanawaree Kotwong","","2","1","","","2023-12-12 03:14:56","2025-06-19 07:04:04"
"MF2312005","FM-PD-08","1","WMG50","WOWW MASSAGE GEL","6.1","SOB001","RDF2312047","1","12","2023","Charinthip Thawisirisap","","2","1","","","2023-12-12 03:55:59","2023-12-12 07:20:30"
"MF2312006","FM-PD-08","1","HHS7","Her Hyness Royal Hya Water Sunscreen SPF50+ PA++++ (7 mL)","8","SOB001","RDF2211010","1","12","2023","Thatsanawaree Kotwong","","2","1","","","2023-12-14 08:00:09","2024-04-02 02:26:47"
"MF2312007","FM-PD-08","1","JNM5","[ยกเลิก]Jack nouvelle perfume (midnight)","1","SOB001","RDF2312062","1","12","2023","Charinthip Thawisirisap","","2","1","","","2023-12-14 10:13:20","2025-07-14 03:03:20"
"MF2312008","FM-PD-08","1","JNS5","[ยกเลิก]Jack nouvelle perfume (sport)","1","SOB001","RDF2312063","1","12","2023","Charinthip Thawisirisap","","2","1","","","2023-12-14 10:23:13","2025-07-14 03:04:06"
"MF2312009","FM-PD-08","1","GUP30","GIGGLEE ULTRA SHEER PHYSICAL UV PROTECT SPF 50+ PA++++","6.1","SOB001","RDF2310122","1","12","2023","Thatsanawaree Kotwong","","2","1","","","2023-12-25 06:10:40","2024-01-11 03:27:00"
"MF2401001","FM-PD-08","1","POO5","Perfect Organic Treatment Pure Oil","5","SOB001","RDF2312060","1","1","2024","Thanyanitchawee Sriwaranon","","1","1","","","2024-01-18 07:05:10","2024-01-18 07:05:10"
"MF2401002","FM-PD-08","1","MFC100","MERSI EXTRA SENSITIVE FEMININE CLEANSER","2","SOB001","RDF2311006","1","1","2024","Warisara Na Chiangmai","","2","1","","","2024-01-22 06:37:24","2025-04-08 08:42:45"
"MF2401003","FM-PD-08","1","NSW30","NAS NAON SOAP MORNING BRIGHT WHITENING","3","SOB001","RDF2311018","1","1","2024","Thidapon  Kliangrot","","2","1","","","2024-01-23 03:39:36","2024-01-24 08:16:36"
"MF2401004","FM-PD-08","1","PHS20","PANADDA MIX HERB BODY SCRUB","1.2","SOB001","RDF2309151","1","1","2024","Thidapon  Kliangrot","","2","1","","","2024-01-23 03:43:08","2024-01-23 08:32:48"
"MF2401005","FM-PD-08","1","NSN30","NAS NAON SOAP YOUTHFUL GLOW NIGHT","3","SOB001","RDF2311020","1","1","2024","Thidapon  Kliangrot","","2","1","","","2024-01-23 08:28:38","2024-01-24 08:19:33"
"MF2401006","FM-PD-08","1","HAS50","Her Hyness Hexapeptide Anti-Aging Super Dry Touch Sunscreen SPF50+ PA++++","15.6","SOB001","RDF2401192","1","1","2024","Charinthip Thawisirisap","","2","1","","","2024-01-31 10:36:37","2024-02-01 03:14:36"
"MF2402001","FM-PD-08","1","KIM50","Kimari Intensive desert milk hair mask","1","SOB001","RDF2308122","1","2","2024","Thidapon  Kliangrot","","1","1","","","2024-02-02 06:30:30","2024-02-02 06:30:30"
"MF2402002","FM-PD-08","1","HDS250","HLABS ANTI DANDRUFF INTENSE SHAMPOO","6.2","SOB001","RDF2401093","1","2","2024","Thidapon  Kliangrot","","2","1","","","2024-02-02 06:31:11","2024-03-01 02:26:11"
"MF2402003","FM-PD-08","1","HSV50","HLABS HAIR SERUM ARGAN VITA+","3","SOB001","RDF2312026","1","2","2024","Thidapon  Kliangrot","","2","1","","","2024-02-02 06:31:28","2024-02-19 10:12:43"
"MF2402004","FM-PD-08","1","POO70","PERFECT ORGANIC TREATMENT PURE OIL 70 mL","5","SOB001","RDF2312060","1","2","2024","Thatsanawaree Kotwong","","2","1","","","2024-02-05 06:36:09","2025-09-10 04:13:17"
"MF2402005","FM-PD-08","1","HBS15","HER HYNESS BIO-PEPTIDE ADVANCED YOUTH PLUS GLOW SERUM 15 mL.","4.1","SOB001","RDF2212056","1","2","2024","Thatsanawaree Kotwong","","2","1","","","2024-02-07 09:14:58","2024-10-29 10:08:17"
"MF2402006","FM-PD-08","1","WBS200","W Diary Anti-Aging Sensitive Body Sunscreen 200 mL","1","SOB001","RDF2212114","1","2","2024","Thatsanawaree Kotwong","","2","1","","","2024-02-07 09:27:49","2024-07-18 03:27:41"
"MF2402007","FM-PD-08","1","WBS200","W DIARY ANTI-AGING SENSITIVE BODY SUNSCREEN ฉบับ อย.","1","SOB001","RDF2402085","1","2","2024","Thidapon  Kliangrot","","2","1","","","2024-02-08 10:20:15","2024-02-23 06:53:12"
"MF2402008","FM-PD-08","1","HGS15","HER HYNESS HYDRA GLOW ADVANCED SKIN BOOSTER SERUM 15 mL","3","SOB001","RDF2212075","1","2","2024","Thatsanawaree Kotwong","","1","1","","","2024-02-21 09:18:12","2024-02-21 09:18:12"
"MF2402009","FM-PD-08","1","LGTS5","Novoretin Skin Blooming&Glow Serum","1","SOB001","RDF2302017","1","2","2024","Thatsanawaree Kotwong","","1","1","","","2024-02-22 06:22:13","2024-02-22 06:22:13"
"MF2402010","FM-PD-08","1","PSS10","(X) PHARMULAR SEE THROUGH HYBRID SUNSCREEN SERUM SPF 50+ PA++++ 10 mL","5","SOB001","RDF2402173","1","2","2024","Thatsanawaree Kotwong","","2","1","","","2024-02-22 07:23:44","2025-04-24 04:36:45"
"MF2402011","FM-PD-08","1","ADS010","Aphrodite Hair serum","2.2","SOB001","RDF2402111","1","2","2024","Admin 2","","1","1","","","2024-02-22 08:22:20","2024-02-22 10:12:09"
"MF2402012","FM-PD-08","1","PSS30","PHARMULAR SEE THROUGH HYBRID SUNSCREEN SERUM SPF 50+ PA++++ 30 mL (X)","5","SOB001","RDF2402173","1","2","2024","Thatsanawaree Kotwong","","2","1","","","2024-02-22 08:48:09","2024-06-20 02:27:27"
"MF2402013","FM-PD-08","1","HAS50","Her Hyness Hexapeptide Anti-Aging Super Dry Touch Sunscreen SPF50+ PA++++ 50 mL","15.64","SOB001","RDF2402089","1","2","2024","Charinthip Thawisirisap","","2","1","","","2024-02-28 06:26:32","2024-08-09 10:42:42"
"MF2403001","FM-PD-08","1","HAS30","Her Hyness Hexapeptide Anti-Aging Super Dry Touch Sunscreen SPF50+ PA++++ 30 mL","15.64","SOB001","RDF2402089","1","3","2024","Thatsanawaree Kotwong","","2","1","","","2024-03-01 10:23:22","2024-08-09 10:38:39"
"MF2403002","FM-PD-08","1","WGC7","WIN GRAPE WHITENING CREAM","2","SOB001","RDF2402005","1","3","2024","Thanyanitchawee Sriwaranon","","2","1","","","2024-03-04 03:41:58","2024-03-04 09:48:04"
"MF2403003","FM-PD-08","1","PCG100","PHARMULAR ACNE CLEAR CLEANSING GEL","3","SOB001","RDF2401171","1","3","2024","Thatsanawaree Kotwong","","2","1","","","2024-03-05 11:20:28","2025-01-17 07:18:27"
"MF2403004","FM-PD-08","1","MBS30","MERSI INTENSIVE BRIGHTENING LIFTING SERUM","7","SOB001","RDF2402143","1","3","2024","Charinthip Thawisirisap","","2","1","","","2024-03-07 02:14:41","2025-08-14 09:30:20"
"MF2404001","FM-PD-08","1","MES50","MIZELLA ESSENTIAL REFRESHING LIQUID SOAP (Tester)","5.3","SOB001","RDF2403026","1","4","2024","Thatsanawaree Kotwong","","2","1","","","2024-04-04 08:20:37","2024-04-09 04:14:46"
"MF2404002","FM-PD-08","1","MPL20","MIZELLA PERSIMMON HYDRATING BODY LOTION (Tester)","2","SOB001","RDF2401049","1","4","2024","Thatsanawaree Kotwong","","2","1","","","2024-04-04 08:29:59","2024-04-09 04:12:27"
"MF2404003","FM-PD-08","1","POG250","X PERFECT ORGANIC ULTRA MILD SHOWER GEL","13","SOB001","RDF2403100","1","4","2024","Thatsanawaree Kotwong","","2","1","","","2024-04-08 06:40:05","2025-08-22 01:54:20"
"MF2404004","FM-PD-08","1","SPM100","SOR PRECE WHITENING MASK CREAM","4","SOB001","RDF2312061","1","4","2024","Charinthip Thawisirisap","","2","1","","","2024-04-09 03:08:29","2024-04-19 07:14:17"
"MF2404005","FM-PD-08","1","SPC30","SOR PRECE UNDERARM CREAM","4","SOB001","RDF2309009","1","4","2024","Charinthip Thawisirisap","","2","1","","","2024-04-09 03:27:25","2024-04-19 10:30:22"
"MF2404006","FM-PD-08","1","MMO20","MIZELLA MORE THAN 3 IN1 CLEAR & BRIGHT DEODORANT ROLL ON (Tester)","5","SOB001","RDF2402171","1","4","2024","Charinthip Thawisirisap","","2","1","","","2024-04-09 03:28:23","2024-04-09 08:37:18"
"MF2404007","FM-PD-08","1","KMO60","KP BODY MASSAGE OIL","1","SOB001","RDF2404097","1","4","2024","Thatsanawaree Kotwong","","2","1","","","2024-04-18 04:20:21","2024-04-26 08:52:10"
"MF2404008","FM-PD-08","1","JPM30","[ยกเลิก]Jack nouvelle perfume (midnight)","1","SOB001","RDF2312062","1","4","2024","Thatsanawaree Kotwong","","2","1","","","2024-04-22 07:40:07","2025-07-14 03:02:30"
"MF2404009","FM-PD-08","1","JPC30","[ยกเลิก]Jack nouvelle perfume (sport)","1","SOB001","RDF2312063","1","4","2024","Thatsanawaree Kotwong","","2","1","","","2024-04-22 07:48:45","2025-07-14 03:02:59"
"MF2404010","FM-PD-08","1","SNE50","SUNNIU EVERYDAY SUNSCREEN","2","SOB001","RDF2404054","1","4","2024","Thatsanawaree Kotwong","","1","1","","","2024-04-22 09:55:04","2024-04-22 09:55:04"
"MF2404011","FM-PD-08","1","YNS30","YN GENYLEMAN DURABLE SOAP","4","SOB001","RDF2312099","1","4","2024","Thidapon  Kliangrot","","2","1","","","2024-04-25 01:48:33","2024-04-26 10:17:32"
"MF2404012","FM-PD-08","1","FVP30","Foresta sweet summer vegan sunscreen spf50+ Pa+++","7.2","SOB001","RDF2404003","1","4","2024","Charinthip Thawisirisap","","2","1","","","2024-04-29 01:51:50","2025-09-04 02:48:32"
"MF2405001","FM-PD-08","1","SAH20","SCB ALCOHOL HAND SPRAY","2","SOB001","RDF2403080","1","5","2024","Thidapon  Kliangrot","","2","1","","","2024-05-06 03:56:00","2024-05-23 11:11:45"
"MF2405002","FM-PD-08","1","NOX6","NOX ULTIMATE SPRAY","1","SOB001","RDF2404068","1","5","2024","Thatsanawaree Kotwong","","2","1","","","2024-05-08 10:30:50","2024-05-09 06:39:22"
"MF2405003","FM-PD-08","1","LNF45","Lamun Foot spa nang fah","1","SOB001","RDF2404106","1","5","2024","Thidapon  Kliangrot","","2","1","","","2024-05-09 08:43:50","2025-07-16 07:42:50"
"MF2405004","FM-PD-08","1","AWS50","AIMEE SUMMER TO WINTER DAILY UV HYA SUNSCREEN","6","SOB001","RDF2403141","1","5","2024","Charinthip Thawisirisap","","2","1","","","2024-05-14 02:38:29","2024-05-16 03:07:31"
"MF2405005","FM-PD-08","1","CSW180","CLEAN SKINCARE TREATMENT CLEANSING WATER","1","SOB001","RDF2211012","1","5","2024","Charinthip Thawisirisap","","2","1","","","2024-05-14 04:50:56","2025-02-25 04:41:45"
"MF2405006","FM-PD-08","1","VAC30","VIVERY ARMPIT WHITE CREAM","3.1","SOB001","RDF2312056","1","5","2024","Charinthip Thawisirisap","","2","1","","","2024-05-14 10:56:21","2024-05-16 02:33:04"
"MF2405007","FM-PD-08","1","SSP50","STER PET SP Spray","1","SOB001","RDF2403185","1","5","2024","Pongthana  Kumpunyo","","2","1","","","2024-05-21 02:38:58","2024-05-24 07:44:15"
"MF2405008","FM-PD-08","1","DCG100","DREAM DAILY DEEP CLEANSING GEL","1","SOB001","RDF2403121","1","5","2024","Thatsanawaree Kotwong","","1","1","","","2024-05-22 10:01:37","2024-05-22 10:01:37"
"MF2405009","FM-PD-08","1","PNS30","POSYY NOVORETIN SERUM","1","SOB001","RDF2306197","1","5","2024","Pongthana  Kumpunyo","","2","1","","","2024-05-28 03:31:19","2024-05-28 09:49:38"
"MF2405010","FM-PD-08","1","MMO70","MIZELLA MORE THAN 3 IN1 CLEAR & BRIGHT DEODORANT ROLL ON","5","SOB001","RDF2402171","1","5","2024","Thidapon  Kliangrot","","2","1","","","2024-05-28 10:26:22","2024-05-28 10:37:34"
"MF2405011","FM-PD-08","1","MES400","MIZELLA ESSENTIAL REFRESHING LIQUID SOAP","5.3","SOB001","RDF2403026","1","5","2024","Thidapon  Kliangrot","","2","1","","","2024-05-29 03:48:15","2024-05-29 03:54:30"
"MF2405012","FM-PD-08","1","AHS50","DR.JEL ALCOHOL HAND SPRAY 50 mL","1","SOB001","RDF2304052","1","5","2024","Thidapon  Kliangrot","","2","1","","","2024-05-31 02:57:33","2024-05-31 07:42:16"
"MF2405013","FM-PD-08","1","BFS45","BUADARA FOOT SPA","1","SOB001","RDF2403191","1","5","2024","Thatsanawaree Kotwong","","1","1","","","2024-05-31 06:48:12","2024-05-31 06:48:12"
"MF2405014","FM-PD-08","1","DLB5","DILAP LIP BALM สีแดง","3","SOB001","RDF2405207","1","5","2024","Thatsanawaree Kotwong","","2","1","","","2024-05-31 08:29:38","2024-07-29 04:28:07"
"MF2406001","FM-PD-08","1","QHS30","QARYN PERFECT SHIELD HYBRID SUNSCREEN","3","SOB001","RDF2403189","1","6","2024","Thidapon  Kliangrot","","1","1","","","2024-06-04 06:19:25","2024-06-04 06:19:25"
"MF2406002","FM-PD-08","1","MRC20","MATANA HONEY MOON ROSE CREAM","1","SOB001","RDF2402200","1","6","2024","Charinthip Thawisirisap","","1","1","","","2024-06-06 03:33:39","2024-06-06 03:33:39"
"MF2406003","FM-PD-08","1","HAS50","Her Hyness Hexapeptide Anti-Aging Super Dry Touch Sunscreen SPF50+ PA++++ สูตร2218","1","SOB001","RDF2406035","0","6","2024","Charinthip Thawisirisap","","1","1","","","2024-06-10 04:36:54","2024-06-10 04:38:18"
"MF2406004","FM-PD-08","1","HAS50","Her Hyness Hexapeptide Anti-Aging Super Dry Touch Sunscreen SPF50+ PA++++ สูตร2218+Sunsphere1%","1","SOB001","RDF2406036","0","6","2024","Charinthip Thawisirisap","","1","1","","","2024-06-10 04:37:37","2024-06-18 08:43:28"
"MF2406005","FM-PD-08","1","HAS50","Her Hyness Hexapeptide Anti-Aging Super Dry Touch Sunscreen SPF50+ PA++++ สูตร2218+Sunsphere0.5%","1","SOB001","RDF2406035","0","6","2024","Charinthip Thawisirisap","","1","1","","","2024-06-10 04:38:51","2024-06-18 08:43:25"
"MF2406006","FM-PD-08","1","TVS30","TONE VEGAN SUNSCREEN","3","SOB001","RDF2310141","1","6","2024","Thatsanawaree Kotwong","","1","1","","","2024-06-10 08:55:53","2024-06-10 08:55:53"
"MF2406007","FM-PD-08","1","KTJ45","KHUD THUN JAI FOOT SPA","1","SOB001","RDF2405133","1","6","2024","Thatsanawaree Kotwong","","1","1","","","2024-06-12 04:08:01","2024-06-12 04:08:01"
"MF2406008","FM-PD-08","1","DWB5","DILAP LIP BALM ไม่มีสี","1","SOB001","RDF2406047","1","6","2024","Thanyanitchawee Sriwaranon","","2","1","","","2024-06-14 02:10:19","2024-07-29 04:28:10"
"MF2406009","FM-PD-08","1","HAS50","Her Hyness Hexapeptide Anti-Aging Super Dry Touch Sunscreen SPF50+ PA++++(planA)","1","SOB001","RDF2406087","1","6","2024","Charinthip Thawisirisap","","2","1","","","2024-06-19 10:35:33","2024-06-24 02:16:06"
"MF2406010","FM-PD-08","1","PSS30","Pharmular See Through Hybrid Sunscreen","1","SOB001","RDF2405218","1","6","2024","Thatsanawaree Kotwong","","2","1","","","2024-06-20 02:26:28","2025-05-15 04:56:03"
"MF2406011","FM-PD-08","1","CMS3000","CLEANSING MILK SIRIWELLNESS","1","SOB001","RDF2406071","1","6","2024","Thatsanawaree Kotwong","","2","1","","","2024-06-24 02:22:35","2024-06-24 06:12:14"
"MF2406012","FM-PD-08","1","NMC30","NOOMA PORE MINIMIZING SKIN BARRIER MOISTURIZING CREAM","4","SOB001","RDF2403054","1","6","2024","Thatsanawaree Kotwong","","1","1","","","2024-06-24 02:37:28","2024-06-24 02:37:28"
"MF2406013","FM-PD-08","1","HAS50","Her Hyness Hexapeptide Anti-Aging Super Dry Touch Sunscreen SPF50+ PA++++(planH) 50 ml","1","SOB001","RDF2406103","1","6","2024","Thatsanawaree Kotwong","","2","1","","","2024-06-24 02:38:20","2024-08-09 10:25:35"
"MF2406014","FM-PD-08","1","NSC100","NOOMA ANTI-AGING SOOTHING CLEANSER","4.4","SOB001","RDF2403036","1","6","2024","Thatsanawaree Kotwong","","2","1","","","2024-06-24 03:25:10","2024-06-24 07:03:16"
"MF2406015","FM-PD-08","1","LMC30","LAVIE REFRESHING AQUA MOISTURE & SKIN BARRIER GEL CREAM","2","SOB001","RDF2312005","1","6","2024","Thatsanawaree Kotwong","","2","1","","","2024-06-24 03:37:59","2024-06-24 07:41:39"
"MF2406016","FM-PD-08","1","HAS30","Her Hyness Hexapeptide Anti-Aging Super Dry Touch Sunscreen SPF50+ PA++++(planH) 30 ml","1","SOB001","RDF2406103","1","6","2024","Charinthip Thawisirisap","","2","1","","","2024-06-26 04:38:05","2024-08-09 10:35:19"
"MF2406017","FM-PD-08","1","LMC30","LAVIE REFRESHING AQUA MOISTURE & SKIN BARRIER GEL CREAM 2.1","1","SOB001","RDF2406134","1","6","2024","Thatsanawaree Kotwong","","1","1","","","2024-06-27 06:08:41","2024-06-28 02:57:18"
"MF2406018","FM-PD-08","1","FVF100","FORESTA  pH5.5 Vegan Micellar Cleansing Foam Ver.2","1","SOB001","RDF2404070","1","6","2024","Charinthip Thawisirisap","","1","1","","","2024-06-27 08:53:00","2024-06-27 08:53:00"
"MF2407001","FM-PD-08","1","NEC15","NENICH ROSE REVIVE EYE CREAM","4","SOB001","RDF2403194","1","7","2024","Thidapon  Kliangrot","","2","1","","","2024-07-01 02:10:45","2024-07-01 08:15:48"
"MF2407002","FM-PD-08","1","ACS9000","Alcohol Spray รร.อนุบาลสุธีธร 9 kg.","1","SOB001","RDF2407001","1","7","2024","Thatsanawaree Kotwong","","2","1","","","2024-07-03 08:39:50","2024-07-03 08:43:52"
"MF2407003","FM-PD-08","1","ACS18000","Alcohol Spray รร.อนุบาลสุธีธร 18 kg.","1","SOB001","RDF2407001","1","7","2024","Charinthip Thawisirisap","","2","1","","","2024-07-03 08:41:20","2024-07-03 08:43:26"
"MF2407004","FM-PD-08","1","18000","น้ำยาฆ่าเชื้อโควิด 18 kg.","1","SOB001","RDF2407024","1","7","2024","Thatsanawaree Kotwong","","2","1","","","2024-07-03 10:42:24","2024-07-03 10:59:14"
"MF2407005","FM-PD-08","1","9000","น้ำยาฆ่าเชื้อโควิด 9 kg.","1","SOB001","RDF2407024","1","7","2024","Charinthip Thawisirisap","","1","1","","","2024-07-03 10:59:53","2024-07-03 10:59:53"
"MF2407006","FM-PD-08","1","MSB30","MERSI ULTRA WHITENING SMOOTH BOOSTER","4.1","SOB001","RDF2406078","1","7","2024","Thatsanawaree Kotwong","","2","1","","","2024-07-08 01:48:28","2025-06-02 02:45:04"
"MF2407007","FM-PD-08","1","HAS2","Her Hyness Hexapeptide Anti-Aging Super Dry Touch Sunscreen SPF50+ PA++++(planH) 2 ml","1","SOB001","RDF2406103","1","7","2024","Charinthip Thawisirisap","","2","1","","","2024-07-17 02:14:51","2024-08-09 10:26:06"
"MF2407008","FM-PD-08","1","SCF45","SIAM SKIN SPA CARE FOOT","1","SOB001","RDF2405216","1","7","2024","Thanyanitchawee Sriwaranon","","1","1","","","2024-07-19 02:45:27","2024-07-19 02:45:27"
"MF2407009","FM-PD-08","1","RCL250","RECONENCE TEXTURE BODY TREATMENT LOTION","1","SOB001","RDF2407170","1","7","2024","Thatsanawaree Kotwong","","2","1","","","2024-07-25 10:42:40","2024-07-25 10:53:23"
"MF2407010","FM-PD-08","1","TCF100","TACHI TEA TREE ANTI-ACNE FOAM","2","SOB001","RDF2404125","1","7","2024","Admin 2","","2","1","","","2024-07-26 07:02:37","2024-08-26 07:07:54"
"MF2407011","FM-PD-08","1","JNM5","Jack nouvelle perfume midnight 5ml (ปรับสี)","1","SOB001","RDF2407150","1","7","2024","Charinthip Thawisirisap","","2","1","","","2024-07-30 02:02:02","2025-07-14 07:36:47"
"MF2407012","FM-PD-08","1","JNS5","JACK NOUVELLE PERFUME SPORT 5 mL. (ปรับสี)","1","SOB001","RDF2407149","1","7","2024","Charinthip Thawisirisap","","2","1","","","2024-07-30 02:26:02","2025-08-29 08:40:55"
"MF2407013","FM-PD-08","1","JPM30","Jack nouvelle perfume midnight 30 ml (ปรับสี)","1","SOB001","RDF2407150","1","7","2024","Charinthip Thawisirisap","","2","1","","","2024-07-30 02:41:52","2025-07-14 07:36:31"
"MF2407014","FM-PD-08","1","JPC30","JACK NOUVELLE PERFUME SPORT 30 mL. (ปรับสี)","1","SOB001","RDF2407149","1","7","2024","Charinthip Thawisirisap","","2","1","","","2024-07-30 02:52:04","2025-08-29 08:39:48"
"MF2408001","FM-PD-08","1","HGS5","HER HYNESS HYDRA GLOW ADVANCED SKIN BOOSTER SERUM 5 mL.","3","SOB001","RDF2212075","1","8","2024","Thanyanitchawee Sriwaranon","","2","1","","","2024-08-15 06:06:19","2024-08-15 08:46:31"
"MF2408002","FM-PD-08","1","HBS5","HER HYNESS BIO-PEPTIDE ADVANCED YOUTH PLUS GLOW SERUM 5 mL.","4.1","SOB001","RDF2212056","1","8","2024","Thanyanitchawee Sriwaranon","","2","1","","","2024-08-15 06:12:02","2024-10-29 10:05:39"
"MF2408003","FM-PD-08","1","HHC5","HER HYNESS HYDRA GLOW ADVANCED SKIN BOOSTER CREAM 5 mL.","5","SOB001","RDF2212004","1","8","2024","Charinthip Thawisirisap","","2","1","","","2024-08-16 09:53:40","2024-08-16 10:35:03"
"MF2408004","FM-PD-08","1","HBC5","HER HYNESS BIO-PEPTIDE ADVANCED YOUTH PLUS GLOW CREAM 5 ml","5.1","SOB001","RDF2302032","1","8","2024","Charinthip Thawisirisap","","2","1","","","2024-08-21 02:12:42","2025-07-16 04:37:06"
"MF2408005","FM-PD-08","1","RFC30","ROMA FULLY FACE CREAM","1.2","SOB001","RDF2407038","1","8","2024","Thanaporn.Pan","","2","1","","","2024-08-28 02:05:53","2025-08-20 06:15:53"
"MF2408006","FM-PD-08","1","ULS30","UNCOMMONSKIN LINGOSHIELD ANTI-POLLUTION DAILY INVISIBLE HYBRID SUNSCREEN SPF50+ PA++++","2.7","SOB001","RDF2408131","1","8","2024","Thanyanitchawee Sriwaranon","","2","1","","","2024-08-28 07:08:28","2024-08-28 08:15:30"
"MF2409001","FM-PD-08","1","HBC15","HER HYNESS BIO-PEPTIDE ADVANCED YOUTH PLUS GLOW CREAM 15 ml","5.1","SOB001","RDF2302032","1","9","2024","Charinthip Thawisirisap","","2","1","","","2024-09-04 03:22:26","2025-07-16 04:36:02"
"MF2409002","FM-PD-08","1","HHC15","HER HYNESS HYDRA GLOW ADVANCED SKIN BOOSTER CREAM 15 mL.","5","SOB001","RDF2212004","1","9","2024","Charinthip Thawisirisap","","1","1","","","2024-09-04 03:32:51","2024-09-04 03:32:51"
"MF2409003","FM-PD-08","1","NSP30","NOOMA SEBUM CONTROL SKIN BARRIER SUNSCREEN SPF50+ PA++++","2.4","SOB001","RDF2408013","1","9","2024","Charinthip Thawisirisap","","2","1","","","2024-09-04 06:36:16","2024-09-12 07:49:06"
"MF2409004","FM-PD-08","1","STD30","SOTHYDA HYBRID SUNSCREEN","2","SOB001","RDF2407194","1","9","2024","Thidapon  Kliangrot","","2","1","","","2024-09-04 08:45:58","2024-10-08 10:28:26"
"MF2409005","FM-PD-08","1","AHG3000","DR.JEL ALCOHOL HAND GEL 3000 mL.","1","SOB001","RDF2301013","1","9","2024","Charinthip Thawisirisap","","1","1","","","2024-09-04 10:39:27","2024-09-04 10:39:27"
"MF2409006","FM-PD-08","1","LFS45","LICHA FOOT SPA","1","SOB001","RDF2406112","1","9","2024","Thatsanawaree Kotwong","","1","1","","","2024-09-05 02:37:59","2024-09-05 02:37:59"
"MF2409007","FM-PD-08","1","SWC10","SEOUL WHITE CREAM","8.1","SOB001","RDF2409031","1","9","2024","Thatsanawaree Kotwong","","2","1","","","2024-09-06 03:18:36","2024-09-06 03:53:39"
"MF2409008","FM-PD-08","1","SHP15","SUNSOLUTION HYBRID SUNSCREEN SPF50+ PA++++","2.1","SOB001","RDF2409070","1","9","2024","Charinthip Thawisirisap","","2","1","","","2024-09-20 09:24:44","2024-09-23 07:24:42"
"MF2409009","FM-PD-08","1","HRG1","HARDORE GEL","1","SOB001","RDF2402180","1","9","2024","Thatsanawaree Kotwong","","1","1","","","2024-09-30 02:55:34","2024-09-30 02:55:34"
"MF2410001","FM-PD-08","1","LMS12","LA GLACE DAILY MOISTURIZING PADS AQUALOCK12 HYALURONIC COMPLEX (แบบซอง)","5.4","SOB001","RDF2408006","1","10","2024","Thanyanitchawee Sriwaranon","","2","1","","","2024-10-02 06:43:17","2025-08-14 10:09:11"
"MF2410002","FM-PD-08","1","LAS12","LA GLACE ACNE CARE DAILY CALMING PADS ACNESPHERE BALANCING SKIN COMPLEX (แบบซอง)","6.3","SOB001","RDF2408049","1","10","2024","Thanyanitchawee Sriwaranon","","2","1","","","2024-10-02 07:42:55","2025-05-08 04:57:18"
"MF2410003","FM-PD-08","1","LAB160","LA GLACE ACNE CARE DAILY CALMING PADS ACNESPHERE BALANCING SKIN COMPLEX (แบบกระปุก)","6.3","SOB001","RDF2408049","1","10","2024","Thanaporn.Pan","","2","1","","","2024-10-03 08:29:57","2025-05-07 06:20:30"
"MF2410004","FM-PD-08","1","LMB160","LA GLACE DAILY MOISTURIZING PADS AQUALOCK12 HYALURONIC COMPLEX (แบบกระปุก)","5.4","SOB001","RDF2408006","1","10","2024","Thanaporn.Pan","","2","1","","","2024-10-03 08:43:54","2025-08-14 10:04:26"
"MF2410005","FM-PD-08","1","PHO1000","Petchploy Hair Oil","1","SOB001","RDF2405019","1","10","2024","Thidapon  Kliangrot","","2","1","","","2024-10-09 09:28:45","2024-10-10 07:18:02"
"MF2410006","FM-PD-08","1","ASA30","AURASUN MAX WATER RESISTANT BROAD SPECTRUM SUNSCREEN SPF50+ PA++++ PLUS ANTI-POLLUTION & ANTIOXIDANT (สูตร in-house 4E)","4.4","SOB001","RDF2409098","1","10","2024","Charinthip Thawisirisap","","2","1","","","2024-10-10 02:01:32","2024-10-15 07:02:02"
"MF2410007","FM-PD-08","1","APS30","ALCHEMI WRINKLE EXPERT M3 PEPTIDE SERUM (X)","1.3","SOB001","RDF2409027","1","10","2024","Thidapon  Kliangrot","","2","1","","","2024-10-10 08:04:54","2024-12-03 06:16:00"
"MF2410008","FM-PD-08","1","HAS2","HER HYNESS HEXAPEPTIDE ANTI-AGING SUPER DRY TOUCH SUNSCREEN SPF50+ PA++++ 2 mL.","16","SOB001","RDF2402089","1","10","2024","Charinthip Thawisirisap","","2","1","","","2024-10-24 07:23:40","2025-05-06 01:55:43"
"MF2410009","FM-PD-08","1","RHS30","RIDA HYAMIND 8D BOOSTER SERUM","1","SOB001","RDF2407062","1","10","2024","Thanaporn.Pan","","2","1","","","2024-10-28 06:57:41","2025-01-16 07:13:35"
"MF2411001","FM-PD-08","1","NOH5","NICA AROMA ESSENTIAL OIL HARMONY CITRUS","3.1","SOB001","RDF2408011","1","11","2024","Thanaporn.Pan","","2","1","","","2024-11-01 06:51:59","2024-11-29 07:52:27"
"MF2411002","FM-PD-08","1","SGI30","SAVANNAH GREENSHIELD UV GUARD SUNSCREEN SPF50+ PA++++ (IVORY)","2.1","SOB001","RDF2410049","1","11","2024","Thanaporn.Pan","","2","1","","","2024-11-01 07:46:11","2025-08-22 06:29:08"
"MF2411003","FM-PD-08","1","SGI30","SAVANNAH GREENSHIELD UV GUARD SUNSCREEN SPF50+ PA++++ (IVORY) (X) (ยกเลิก)","2","SOB001","RDF2409051","1","11","2024","Thanaporn.Pan","","2","1","","","2024-11-01 09:01:09","2025-08-20 01:48:45"
"MF2411004","FM-PD-08","1","SGH30","SAVANNAH GREENSHIELD UV GUARD SUNSCREEN SPF50+ PA++++ (HONEY)","1.2","SOB001","RDF2406016","1","11","2024","Thanaporn.Pan","","2","1","","","2024-11-01 09:38:09","2025-08-22 06:47:56"
"MF2411005","FM-PD-08","1","ARS","NectaPharma Vegan DDS Retinal Serum","3","SOB001","RDF2408134","1","11","2024","Thanaporn.Pan","","1","1","","","2024-11-01 10:27:12","2024-11-01 10:27:12"
"MF2411006","FM-PD-08","1","FAS30","Foresta Anti-Wrinkle Concentrate Serum","1","SOB001","RDF2403125","1","11","2024","Charinthip Thawisirisap","","2","1","","","2024-11-07 08:13:06","2025-04-29 03:07:58"
"MF2411007","FM-PD-08","1","HHH45","HLABS HAIR TONIC ANTI-HAIR LOSS","2.2","SOB001","RDF2410020","1","11","2024","Thidapon  Kliangrot","","2","1","","","2024-11-08 08:18:05","2024-11-08 08:38:21"
"MF2411008","FM-PD-08","1","MDE50","MARS BUNNY DEODORANT ESSENCE SPRAY","4","SOB001","RDF2408072","1","11","2024","Charinthip Thawisirisap","","1","1","","","2024-11-08 08:26:08","2024-11-08 08:26:08"
"MF2411009","FM-PD-08","1","GBF30","GLOWGURU BARRIER SHIELD SUPERLIGHT SUN FLUID SPF50+ PA++++","3.3","SOB001","RDF2409101","1","11","2024","Thidapon  Kliangrot","","2","1","","","2024-11-08 10:23:13","2025-03-28 02:53:16"
"MF2411010","FM-PD-08","1","BTO85","BT COCONUT OIL NOURISHING SERUM","2.1","SOB001","RDF2407167","1","11","2024","Charinthip Thawisirisap","","2","1","","","2024-11-14 03:05:49","2024-11-14 04:11:37"
"MF2411011","FM-PD-08","1","HHS50","Her Hyness Royal Hya Water Sunscreen 50 ml Ver 1.2 ปรับใหม่","1.2","SOB001","RDF2409088","1","11","2024","Charinthip Thawisirisap","","2","1","","","2024-11-14 03:36:03","2024-11-14 04:46:49"
"MF2411012","FM-PD-08","1","SJL13","SUNSMILE JELLY GLUTA BERRY C LIPMASK","5","SOB001","RDF2408140","1","11","2024","Thanyanitchawee Sriwaranon","","2","1","","","2024-11-14 04:16:20","2024-11-14 08:02:01"
"MF2411013","FM-PD-08","1","SWL30","SKINRUX WATERFUL SUN LOTION SPF50+ PA++++","4","SOB001","RDF2407070","1","11","2024","Thanyanitchawee Sriwaranon","","2","1","","","2024-11-14 04:43:23","2024-11-15 02:38:16"
"MF2411014","FM-PD-08","1","YGG50","YLUREE SHIMMERING BODY OIL GLAMOROUS GOLD","9.2","SOB001","RDF2408132","1","11","2024","Thanyanitchawee Sriwaranon","","2","1","","","2024-11-14 06:56:32","2024-11-15 02:33:15"
"MF2411015","FM-PD-08","1","YCP50","YLUREE SHIMMERING BODY OIL CHARMING PINK","8.2","SOB001","RDF2404077","1","11","2024","Thanyanitchawee Sriwaranon","","2","1","","","2024-11-14 07:40:16","2024-11-15 02:28:55"
"MF2411016","FM-PD-08","1","SAP30","SAVANNAH AQUAPURE PROTECTION SUNSCREEN SPF50+ PA++++","1","SOB001","RDF2405092","1","11","2024","Thanyanitchawee Sriwaranon","","2","1","","","2024-11-19 06:13:26","2024-11-20 07:20:48"
"MF2411017","FM-PD-08","1","tester","TANA Body Oil","2","SOB001","RDF2408146","1","11","2024","Thatsanawaree Kotwong","","1","1","","","2024-11-21 06:39:02","2024-11-21 06:39:02"
"MF2411018","FM-PD-08","1","tester","Nop&Rhi  Whitening Body Lotion","2","SOB001","RDF2409083","1","11","2024","Thatsanawaree Kotwong","","1","1","","","2024-11-21 06:43:57","2024-11-21 06:43:57"
"MF2411019","FM-PD-08","1","ARS30","AVADAV RETRIEVE ACTIVATING SERUM","7","SOB001","RDF2408152","1","11","2024","Charinthip Thawisirisap","","2","1","","","2024-11-29 02:25:32","2025-05-14 10:54:58"
"MF2412001","FM-PD-08","1","APS30","ALCHEMI WRINKLE EXPERT M3 PEPTIDE SERUM","2.3","SOB001","RDF2410115","1","12","2024","Thidapon  Kliangrot","","2","1","","","2024-12-02 06:06:45","2024-12-03 02:14:53"
"MF2412002","FM-PD-08","1","NOD5","NICA AROMA ESSENTIAL OIL DREAMY LAVENDER","3","SOB001","RDF2407184","1","12","2024","Charinthip Thawisirisap","","1","1","","","2024-12-02 09:30:22","2024-12-02 09:30:22"
"MF2412003","FM-PD-08","1","JPC30","[ยกเลิก]JACK NOUVELLE PERFUME (กลิ่น Sport)","1","SOB001","RDF2412027","1","12","2024","Charinthip Thawisirisap","","2","1","","","2024-12-06 02:10:58","2025-07-14 03:02:03"
"MF2412004","FM-PD-08","1","JPM30","[ยกเลิก]JACK NOUVELLE PERFUME (กลิ่น Midnight)","1","SOB001","RDF2412031","1","12","2024","Charinthip Thawisirisap","","2","1","","","2024-12-06 07:25:07","2025-07-14 03:01:30"
"MF2412005","FM-PD-08","1","LHS30","LABARIS HYBRID SUNSCREEN SPF 50+ PA ++++","6.8","SOB001","RDF2411133","1","12","2024","Charinthip Thawisirisap","","2","1","","","2024-12-16 10:27:00","2024-12-18 01:14:03"
"MF2412006","FM-PD-08","1","BTO85","BT COCONUT OIL NOURISHING SERUM (อย.)","2.1","SOB001","RDF2412083","1","12","2024","Charinthip Thawisirisap","","2","1","","","2024-12-18 03:42:25","2024-12-18 09:34:01"
"MF2412007","FM-PD-08","1","LRC3000","LILY NICE CLINIC ROSA DAMASCENA CLEANSING MILK","1","SOB001","RDF2409026","1","12","2024","Thidapon  Kliangrot","","2","1","","","2024-12-19 02:50:41","2024-12-19 08:57:02"
"MF2412008","FM-PD-08","1","YPS15","YAMANA COSMETICS POKO SERUM กลิ่น Sexy Fragrance (เพิ่มความหนืด)","1.4","SOB001","RDF2412093","1","12","2024","Thidapon  Kliangrot","","2","1","","","2024-12-19 03:19:28","2025-01-15 03:03:23"
"MF2412009","FM-PD-08","1","YPD15","YAMANA COSMETICS POKO SERUM กลิ่น Dream In Vegas (เพิ่มความหนืด)","1","SOB001","RDF2412066","1","12","2024","Thidapon  Kliangrot","","2","1","","","2024-12-20 03:29:38","2024-12-20 06:26:21"
"MF2412010","FM-PD-08","1","PAS30","PHARMULAR ACNE CLEAR BODY SPRAY","4","SOB001","RDF2308027","1","12","2024","Charinthip Thawisirisap","","2","1","","","2024-12-23 07:14:58","2024-12-23 09:31:22"
"MF2412011","FM-PD-08","1","PAW200","PHARMULAR ACNE CLEAR BODY WASH","12","SOB001","RDF2409065","1","12","2024","Thidapon  Kliangrot","","2","1","","","2024-12-25 10:55:38","2025-01-17 09:54:28"
"MF2501001","FM-PD-08","1","AUS50","Astella Ultimate UV Protection Sunscree SPF50+ PA++++","12","SOB001","RDF2410018","1","1","2025","Thidapon  Kliangrot","","2","1","","","2025-01-09 06:29:13","2025-07-16 07:52:42"
"MF2501002","FM-PD-08","1","DMC40","DANILA CELESTIA BLOOM MOISTURIZER CREAM","1","SOB001","RDF2411056","1","1","2025","Thanaporn.Pan","","2","1","","","2025-01-15 01:49:54","2025-08-20 07:54:54"
"MF2501003","FM-PD-08","1","ICG150","I FEEL YOU FEEL FOR YOU CLEANSING GEL","3","SOB001","RDF2410083","1","1","2025","Thidapon  Kliangrot","","2","1","","","2025-01-20 04:02:08","2025-01-20 04:37:21"
"MF2501004","FM-PD-08","1","CAS30","CHULADOCTOR ANTI-AGING HYBRID SUNSCREEN","4","SOB001","RDF2501075","1","1","2025","Thatsanawaree Kotwong","","1","1","","","2025-01-23 10:04:39","2025-01-23 10:04:39"
"MF2501005","FM-PD-08","1","SMO100","SECRET ME KIDS PURE & MILD SKINCARE OIL","2","SOB001","RDF2411043","1","1","2025","Thatsanawaree Kotwong","","1","1","","","2025-01-24 08:25:18","2025-01-24 08:25:18"
"MF2501006","FM-PD-08","1","LIC50","LAMALL INTENSIVE MOISTURIZING STARRY NIGHT CREAM","4.1","SOB001","RDF2411090","1","1","2025","Thanaporn.Pan","","2","1","","","2025-01-30 09:53:57","2025-08-20 06:38:09"
"MF2501007","FM-PD-08","1","LBO100","LAMALL BUST OIL","3","SOB001","RDF2412120","1","1","2025","Charinthip Thawisirisap","","2","1","","","2025-01-30 10:14:57","2025-02-05 06:54:55"
"MF2501008","FM-PD-08","1","LSC50","LAMALL SILKY MOISTURIZING SOFT CREAM 50 mL.","4.3","SOB001","RDF2411139","1","1","2025","Thanyanitchawee Sriwaranon","","2","1","","","2025-01-30 10:48:06","2025-02-10 06:56:04"
"MF2501009","FM-PD-08","1","BML50","BLUE BUA AQUA SHIELD MOISTURIZING LOTION (แบบหลอด)","8","SOB001","RDF2410090","1","1","2025","Thanyanitchawee Sriwaranon","","2","1","","","2025-01-30 10:49:20","2025-08-20 08:54:37"
"MF2501010","FM-PD-08","1","JHC100","JELLA HYDROVANCE SMOOTH BODY CREAM","4.4","SOB001","RDF2407143","1","1","2025","Thanyanitchawee Sriwaranon","","2","1","","","2025-01-30 10:49:46","2025-02-04 07:42:55"
"MF2502001","FM-PD-08","1","FUS50","Foresta UV Expert Vegan Sunscreen SPF 50+ PA++++","9.3","SOB001","RDF2501051","1","2","2025","Charinthip Thawisirisap","","2","1","","","2025-02-03 02:00:09","2025-02-10 09:22:08"
"MF2502002","FM-PD-08","1","LNC30","LAMALL NOURISHING MIRACLE EYE CREAM","3.1","SOB001","RDF2411125","1","2","2025","Thidapon  Kliangrot","","2","1","","","2025-02-03 02:49:48","2025-02-03 04:09:27"
"MF2502003","FM-PD-08","1","TESTER","Holyskincare Moist DAY SERUM-IZER SPF50+PA++++","2","SOB001","RDF2412058","1","2","2025","Thatsanawaree Kotwong","","1","1","","","2025-02-04 09:35:33","2025-02-04 09:35:33"
"MF2502004","FM-PD-08","1","LRS50","LAMALL REJUVENATING CONCENTRATE FACIAL SERUM 50 mL.","4.6","SOB001","RDF2502020","1","2","2025","Thatsanawaree Kotwong","","2","1","","","2025-02-04 09:45:13","2025-02-10 06:26:45"
"MF2502005","FM-PD-08","1","CMC50","CELEKIN MOISTSHIELD B5+ CREAM","2","SOB001","RDF2411155","1","2","2025","Thanaporn.Pan","","2","1","","","2025-02-04 10:13:26","2025-08-20 07:00:38"
"MF2502006","FM-PD-08","1","LRS3","LAMALL REJUVENATING CONCENTRATE FACIAL SERUM 3 mL.","4.6","SOB001","RDF2502020","1","2","2025","Charinthip Thawisirisap","","2","1","","","2025-02-05 03:19:37","2025-02-10 06:28:00"
"MF2502007","FM-PD-08","1","LSC3","LAMALL SILKY MOISTURIZING SOFT CREAM 3 mL.","4.3","SOB001","RDF2411139","1","2","2025","Charinthip Thawisirisap","","2","1","","","2025-02-05 03:21:11","2025-02-05 06:23:46"
"MF2502008","FM-PD-08","1","LRO120","LAMALL RADIANCE NOURISHING BODY OIL","5","SOB001","RDF2412112","1","2","2025","Thanyanitchawee Sriwaranon","","2","1","","","2025-02-05 06:59:38","2025-02-10 06:23:54"
"MF2502009","FM-PD-08","1","HAS30","Her Hyness Hexapeptide Anti-Aging Super Dry Touch Sunscreen SPF50+ PA++++ 30 mL. (เพิ่ม Active)","15.61","SOB001","RDF2501132","1","2","2025","Charinthip Thawisirisap","","2","1","","","2025-02-07 02:34:55","2025-02-07 04:00:54"
"MF2502010","FM-PD-08","1","LMS42","LA GLACE DAILY MOISTURIZING PADS AQUALOCK12 HYALURONIC COMPLEX (Travel Size)","5.4","SOB001","RDF2408006","1","2","2025","Charinthip Thawisirisap","","2","1","","","2025-02-07 04:02:10","2025-08-14 10:08:35"
"MF2502011","FM-PD-08","1","LAS42","LA GLACE ACNE CARE DAILY CALMING PADS ACNESPHERE BALANCING SKIN COMPLEX (Travel Size)","6.3","SOB001","RDF2408049","1","2","2025","Charinthip Thawisirisap","","2","1","","","2025-02-07 04:03:24","2025-07-11 03:56:34"
"MF2502012","FM-PD-08","1","LJS30","LILY NICE CLINIC JOYBLISS HYBRID SUNSCREEN SPF 50 PA++++ (Valida S+ 3%)","2.4","SOB001","RDF2502091","1","2","2025","Charinthip Thawisirisap","","2","1","","","2025-02-20 02:00:16","2025-03-21 02:42:31"
"MF2502013","FM-PD-08","1","FHV30","FORESTA HYDRATING VEGAN SUNSCREEN SPF 50+ PA++++ (X)","1","SOB001","RDF2308002","1","2","2025","Thidapon  Kliangrot","","2","1","","","2025-02-20 05:48:10","2025-03-06 04:54:40"
"MF2502014","FM-PD-08","1","FWG150","FRESHERAL WILDFLOWER HONEY & SAPONIN CLEANSING GEL","4","SOB001","RDF2407198","1","2","2025","Charinthip Thawisirisap","","2","1","","","2025-02-21 06:28:22","2025-02-25 02:50:35"
"MF2502015","FM-PD-08","1","FGO1","FINALE GEL ORIGINAL","2","SOB001","RDF2410155","1","2","2025","Thatsanawaree Kotwong","","1","1","","","2025-02-27 06:31:54","2025-02-27 06:31:54"
"MF2502016","FM-PD-08","1","HGO1","HARDORE GEL ORIGINAL","2","SOB001","RDF2410156","1","2","2025","Thatsanawaree Kotwong","","1","1","","","2025-02-27 06:40:37","2025-02-27 06:40:37"
"MF2502017","FM-PD-08","1","HDG1","HARDORE GEL SENSUAL","1","SOB001","RDF2410157","1","2","2025","Thatsanawaree Kotwong","","1","1","","","2025-02-27 06:41:29","2025-02-27 06:41:29"
"MF2502018","FM-PD-08","1","HGP1","HARDORE GEL PLUS","1","SOB001","RDF2410151","1","2","2025","Thatsanawaree Kotwong","","1","1","","","2025-02-27 06:42:29","2025-02-27 06:42:29"
"MF2502019","FM-PD-08","1","TGS15","TIRA GLOW ESSENCE SERUM (รอพี่โยตั้งรหัสสาร)","2.21","SOB001","RDF2412108","1","2","2025","Thanaporn.Pan","","2","1","","","2025-02-28 08:36:45","2025-08-20 10:17:51"
"MF2503001","FM-PD-08","1","HAS50","Her Hyness Hexapeptide Anti-Aging Super Dry Touch Sunscreen SPF50+ PA++++ 50 mL (เพิ่ม Active)","15.61","SOB001","RDF2501132","1","3","2025","Thatsanawaree Kotwong","","2","1","","","2025-03-03 07:14:26","2025-08-22 02:35:40"
"MF2503002","FM-PD-08","1","VMS5","VIOCELL MULTI-PROTECTION SUNSCREEN SPF50+ PA++++","13","SOB001","RDF2406025","1","3","2025","Charinthip Thawisirisap","","2","1","","","2025-03-05 08:57:26","2025-03-05 09:54:03"
"MF2503003","FM-PD-08","1","FHV30","FORESTA HYDRATING VEGAN SUNSCREEN SPF 50+ PA++++","2","SOB001","RDF2503033","1","3","2025","Thidapon  Kliangrot","","1","1","","","2025-03-06 04:47:15","2025-03-06 04:47:15"
"MF2503004","FM-PD-08","1","HUA7","(X) HER HYNESS UV ADAPT HYA WATER SUNSCREEN SPF50+ PA++++ 7 mL.","3.7","SOB001","RDF2503017","1","3","2025","Thatsanawaree Kotwong","","2","1","","","2025-03-07 09:59:10","2025-03-11 08:49:18"
"MF2503005","FM-PD-08","1","VMS30","VIOCELL MULTI-PROTECTION SUNSCREEN SPF50+ PA++++ 30 mL.","13","SOB001","RDF2406025","1","3","2025","Thatsanawaree Kotwong","","1","1","","","2025-03-11 02:01:55","2025-03-11 02:01:55"
"MF2503006","FM-PD-08","1","HPS50","[ยกเลิก]HER HYNESS HYA+ WATER SUNSCREEN SPF50+ PA++++ 50 ml","1.42","SOB001","RDF2412117","1","3","2025","Charinthip Thawisirisap","","2","1","","","2025-03-11 04:16:32","2025-08-15 09:10:03"
"MF2503007","FM-PD-08","1","MMM30","MISS MILLIONS SOOTHING MILK MASK","1","SOB001","RDF2301048","1","3","2025","Thatsanawaree Kotwong","","1","1","","","2025-03-11 04:40:22","2025-03-11 04:40:22"
"MF2503008","FM-PD-08","1","Tester","HER HYNESS UV ADAPT HYA WATER SUNSCREEN SPF50+ PA++++ (Tester)","3.7","SOB001","RDF2503017","1","3","2025","Thatsanawaree Kotwong","","2","1","","","2025-03-11 07:32:07","2025-03-11 07:33:23"
"MF2503009","FM-PD-08","1","SMC15","SEOUL Moist Reju Cream","1.5","SOB001","RDF2402084","1","3","2025","Thidapon  Kliangrot","","2","1","","","2025-03-11 07:36:12","2025-06-30 04:44:25"
"MF2503010","FM-PD-08","1","SGS15","SEOUL WHITENING GLOW SERUM","8","SOB001","RDF2406005","1","3","2025","Thatsanawaree Kotwong","","2","1","","","2025-03-11 07:48:21","2025-04-23 08:51:28"
"MF2503011","FM-PD-08","1","HUA7","HER HYNESS UV ADAPT HYA WATER SUNSCREEN SPF50+ PA++++ 7 mL.","3.7","SOB001","RDF2503066","1","3","2025","Thatsanawaree Kotwong","","2","1","","","2025-03-11 08:50:30","2025-03-25 02:36:41"
"MF2503012","FM-PD-08","1","HUA50","HER HYNESS UV ADAPT HYA WATER SUNSCREEN SPF50+ PA++++ 50 mL.","3.7","SOB001","RDF2503017","1","3","2025","Thatsanawaree Kotwong","","2","1","","","2025-03-14 09:41:38","2025-08-01 03:01:04"
"MF2503013","FM-PD-08","1","HPS50","Her Hyness Hya+ Water Sunscreen สูตร1.4B ไม่มี Protection-P","1.42","SOB001","RDF2503105","0","3","2025","Charinthip Thawisirisap","","1","1","","","2025-03-17 02:53:50","2025-03-17 03:23:25"
"MF2503014","FM-PD-08","1","HPS50","HER HYNESS HYA+ WATER SUNSCREEN SPF50+ PA++++ 50 ml","1.42","SOB001","RDF2503098","1","3","2025","Charinthip Thawisirisap","","2","1","","","2025-03-17 03:16:23","2025-08-15 09:09:09"
"MF2503015","FM-PD-08","1","HPS30","[ยกเลิก]HER HYNESS HYA+ WATER SUNSCREEN SPF50+ PA++++ 30 ml","1.42","SOB001","RDF2503098","1","3","2025","Thatsanawaree Kotwong","","2","1","","","2025-03-17 06:35:14","2025-08-13 07:50:10"
"MF2503016","FM-PD-08","1","HUA30","HER HYNESS UV ADAPT HYA WATER SUNSCREEN SPF50+ PA++++ 30 mL.","3.7","SOB001","RDF2503017","1","3","2025","Thatsanawaree Kotwong","","2","1","","","2025-03-17 06:38:36","2025-03-25 03:52:26"
"MF2503017","FM-PD-08","1","LJS30","LILY NICE CLINIC JOYBLISS HYBRID SUNSCREEN SPF 50 PA++++ (Valida S+ 8%)","2.5","SOB001","RDF2503005","1","3","2025","Charinthip Thawisirisap","","2","1","","","2025-03-21 02:12:10","2025-03-24 02:53:02"
"MF2503018","FM-PD-08","1","MSG25","MUNJIMS SERUM GEL","2","SOB001","RDF2412052","1","3","2025","Charinthip Thawisirisap","","2","1","","","2025-03-25 01:45:36","2025-03-25 02:17:10"
"MF2503019","FM-PD-08","1","HUA2","HER HYNESS UV ADAPT HYA WATER SUNSCREEN SPF50+ PA++++ 2 mL.","3.7","SOB001","RDF2503066","1","3","2025","Thatsanawaree Kotwong","","2","1","","","2025-03-25 02:21:23","2025-03-25 02:37:59"
"MF2503020","FM-PD-08","1","HPS2","[ยกเลิก]HER HYNESS HYA+ WATER SUNSCREEN SPF50+ PA++++ 2 ml","1.42","SOB001","RDF2503098","1","3","2025","Thatsanawaree Kotwong","","2","1","","","2025-03-25 02:28:13","2025-08-13 07:49:21"
"MF2503021","FM-PD-08","1","Tester","NANA Anti Melasma","1","SOB001","RDF2306099","1","3","2025","Thatsanawaree Kotwong","","1","1","","","2025-03-25 03:43:39","2025-03-25 03:43:39"
"MF2503022","FM-PD-08","1","BML10","BLUE BUA AQUA SHIELD MOISTURIZING LOTION (แบบซอง)","8","SOB001","RDF2410090","1","3","2025","Thatsanawaree Kotwong","","2","1","","","2025-03-25 09:32:17","2025-08-20 08:54:01"
"MF2503023","FM-PD-08","1","YCH50","YAMANA Cleaning Gel HOBO แบบซอง","1.2","SOB001","RDF2501095","1","3","2025","Thidapon  Kliangrot","","2","1","","","2025-03-28 02:19:58","2025-08-11 10:25:29"
"MF2503024","FM-PD-08","1","MCC350","MOPOO CARE ORGANICS CONDITIONER","1","SOB001","RDF2502097","1","3","2025","Thidapon  Kliangrot","","2","1","","","2025-03-28 10:06:51","2025-06-18 10:57:37"
"MF2504001","FM-PD-08","1","TESTER","NANA SERUM","1","SOB001","RDF2310049","1","4","2025","Thatsanawaree Kotwong","","1","1","","","2025-04-01 01:54:01","2025-04-01 01:54:01"
"MF2504002","FM-PD-08","1","BTG000","Bactocid gel","1","SOB001","RDF2503200","1","4","2025","Thanaporn.Pan","","1","1","","","2025-04-03 04:07:26","2025-04-03 04:07:26"
"MF2504003","FM-PD-08","1","YPD15","YAMANA POKO Serum (Dream In Vegas)","1","SOB001","RDF2504027","1","4","2025","Thidapon  Kliangrot","","2","1","","","2025-04-03 06:43:16","2025-08-06 04:56:30"
"MF2504004","FM-PD-08","1","BDS50","MDCONT MOISTURIZING SPRAY (BAYDI)","1","SOB001","RDF2503202","1","4","2025","Thatsanawaree Kotwong","","1","1","","","2025-04-03 08:44:53","2025-04-03 08:44:53"
"MF2504005","FM-PD-08","1","BTG001","Bactocid gel","1","SOB001","RDF2504038","0","4","2025","Benjamas Waedudom","","1","1","","","2025-04-09 04:10:27","2025-04-09 04:11:14"
"MF2504006","FM-PD-08","1","BTG001","Bactocid gel","1","SOB001","RDF2504038","0","4","2025","Benjamas Waedudom","","1","1","","","2025-04-09 04:10:27","2025-04-09 04:11:10"
"MF2504007","FM-PD-08","1","BTG001","Bactocid gel","1","SOB001","RDF2504038","0","4","2025","Benjamas Waedudom","","1","1","","","2025-04-09 04:10:27","2025-04-09 04:11:08"
"MF2504008","FM-PD-08","1","BTG001","Bactocid gel","1","SOB001","RDF2504038","1","4","2025","Benjamas Waedudom","","1","1","","","2025-04-09 04:10:28","2025-04-09 04:10:28"
"MF2504009","FM-PD-08","1","TNC30","Thannisa  Foot Soft Cream (butylene glycol)","3","SOB001","RDF2501122","1","4","2025","Thidapon  Kliangrot","","2","1","","","2025-04-09 09:18:24","2025-07-23 06:22:45"
"MF2504010","FM-PD-08","1","PFC50","PHARMAPLUS FOOT CREAM","2","SOB001","RDF2408085","1","4","2025","Charinthip Thawisirisap","","2","1","","","2025-04-21 06:23:20","2025-04-21 09:18:26"
"MF2504011","FM-PD-08","1","PSS10","PHARMULAR SEE THROUGH HYBRID SUNSCREEN SERUM SPF 50+ PA++++ 10 mL.","1","SOB001","RDF2405218","1","4","2025","Thatsanawaree Kotwong","","2","1","","","2025-04-24 04:34:05","2025-04-24 04:51:43"
"MF2504012","FM-PD-08","1","LMR160","LA GLACE DAILY MOISTURIZING PADS AQUALOCK12 HYALURONIC COMPLEX แบบ REFILL","5.4","SOB001","RDF2408006","1","4","2025","Thatsanawaree Kotwong","","2","1","","","2025-04-24 07:18:58","2025-08-14 10:09:46"
"MF2504013","FM-PD-08","1","FAS30","Foresta Anti-Wrinkle Concentrate Serum","1","SOB001","RDF2504165","1","4","2025","Benjamas Waedudom","","1","1","","","2025-04-28 07:51:01","2025-05-06 01:33:07"
"MF2504014","FM-PD-08","1","YDS2O","Y8 DERMA CALM SUN SHIELD","1","SOB001","RDF2504167","1","4","2025","Benjamas Waedudom","","1","1","","","2025-04-28 10:29:48","2025-05-07 02:53:48"
"MF2504015","FM-PD-08","1","LAR160","LA GLACE ACNE CARE DAILY CALMING PADS ACNESPHERE BALANCING SKIN COMPLEX แบบ Refill","6.3","SOB001","RDF2408049","1","4","2025","Thanyanitchawee Sriwaranon","","2","1","","","2025-04-29 07:05:45","2025-05-08 04:55:58"
"MF2504016","FM-PD-08","1","JTS150","JENTLE PROVE AIRY TOUCH BODY SUNSCREEN","6","SOB001","RDF2501077","1","4","2025","Thanaporn.Pan","","2","1","","","2025-04-30 07:58:17","2025-08-20 08:52:54"
"MF2505001","FM-PD-08","1","YDS2O","Y8 DERMA CALM SUN SHIELD","8","SOB001","RDF2502106","1","5","2025","Thidapon  Kliangrot","","2","1","","","2025-05-02 01:49:04","2025-05-02 02:30:04"
"MF2505002","FM-PD-08","1","HAS2","Her Hyness Hexapeptide Anti-Aging Super Dry Touch Sunscreen SPF50+ PA++++ 2 mL. (เพิ่ม Active)","15.61","SOB001","RDF2501132","1","5","2025","Charinthip Thawisirisap","","2","1","","","2025-05-06 09:23:55","2025-05-06 09:59:22"
"MF2505003","FM-PD-08","1","CES40","CELESTIQUE Ectoin Infused Multiverse Sunscreen","3","SOB001","RDF2502006","1","5","2025","Thidapon  Kliangrot","","2","1","","","2025-05-07 06:11:38","2025-05-08 08:39:35"
"MF2505004","FM-PD-08","1","CES40","CELESTIQUE EXTREMOLYTE BARRIER GEL-CREAM","2","SOB001","RDF2412099","1","5","2025","Charinthip Thawisirisap","","2","1","","","2025-05-08 04:38:53","2025-05-08 06:52:38"
"MF2505005","FM-PD-08","1","CHE100","CELEKIN HYABIOTIC GENTLE EXFOLIATING ESSENCE","3","SOB001","RDF2501137","1","5","2025","Charinthip Thawisirisap","","2","1","","","2025-05-12 09:23:31","2025-05-19 03:50:59"
"MF2505006","FM-PD-08","1","CXS30","CELEKIN X50 ADVANCED ILLUMINATING SERUM","3","SOB001","RDF2501138","1","5","2025","Charinthip Thawisirisap","","2","1","","","2025-05-13 10:33:53","2025-05-14 08:40:55"
"MF2505007","FM-PD-08","1","CMG150","CELEKIN MOISTSHIELD PERFECT PURIFYING CLEANSING GEL","4.1","SOB001","RDF2502025","1","5","2025","Thidapon  Kliangrot","","2","1","","","2025-05-14 03:08:38","2025-05-14 03:35:06"
"MF2505008","FM-PD-08","1","CCS30","CELEKIN MELANOLESS CERAMIC SKIN HYBRID SUNSCREEN SPF50+ PA++++","5","SOB001","RDF2502031","1","5","2025","Thanyanitchawee Sriwaranon","","2","1","","","2025-05-14 09:42:29","2025-05-15 04:25:11"
"MF2505009","FM-PD-08","1","AIS30","AESME  RETINOL COMPLEX INTENSIVE GENTLE SERUM","3","SOB001","RDF2409038","1","5","2025","Thidapon  Kliangrot","","2","1","","","2025-05-15 10:42:43","2025-05-26 09:41:50"
"MF2505010","FM-PD-08","1","ACS30","AESME DARK SPOT CORRECTION WHITENING SERUM","8.7","SOB001","RDF2411022","1","5","2025","Thanaporn.Pan","","2","1","","","2025-05-15 10:49:53","2025-08-20 03:53:47"
"MF2505011","FM-PD-08","1","MTR100","Cleansing for Pet","3","SOB001","RDF2503059","1","5","2025","Thidapon  Kliangrot","","2","1","","","2025-05-20 10:47:42","2025-05-27 07:02:12"
"MF2505012","FM-PD-08","1","KPT100","KP Hair Tonic","1","SOB001","RDF2505061","1","5","2025","Charinthip Thawisirisap","","2","1","","","2025-05-21 02:34:16","2025-05-21 02:43:03"
"MF2505013","FM-PD-08","1","PUC50","PANZY LAB HAPPY JUGG UNDERARM AND DEODORANT CREAM","2.3","SOB001","RDF2501079","1","5","2025","Charinthip Thawisirisap","","2","1","","","2025-05-22 09:05:32","2025-05-22 10:28:33"
"MF2505014","FM-PD-08","1","HPS7","[ยกเลิก]HER HYNESS HYA+ WATER SUNSCREEN SPF50+ PA++++ 7 ml","1.42","SOB001","RDF2503098","1","5","2025","Charinthip Thawisirisap","","2","1","","","2025-05-22 10:30:16","2025-08-13 07:48:39"
"MF2505015","FM-PD-08","1","MCS350","MOPOO CARE ORGANIC SHAMPOO","3","SOB001","RDF2501029","1","5","2025","Thidapon  Kliangrot","","2","1","","","2025-05-23 01:58:10","2025-05-23 04:21:55"
"MF2505016","FM-PD-08","1","COC100","CHULADOCTOR ORGANIC PREMIUM FACIAL CLEANSER","1","SOB001","RDF2503028","1","5","2025","Charinthip Thawisirisap","","2","1","","","2025-05-23 02:46:45","2025-05-23 03:01:57"
"MF2505017","FM-PD-08","1","CAS30","CHULADOCTOR ANTI-AGING HYBRID SUNSCREEN สูตร A","1","SOB001","RDF2502122","1","5","2025","Thanyanitchawee Sriwaranon","","2","1","","","2025-05-26 02:45:58","2025-05-26 02:56:11"
"MF2505018","FM-PD-08","1","MDL50","MDLIGHT FINGER ROOT MOISTURE SPRAY","1","SOB001","RDF2503203","1","5","2025","Charinthip Thawisirisap","","2","1","","","2025-05-30 10:33:35","2025-06-10 02:15:59"
"MF2506001","FM-PD-08","1","00000000","Roukins Skin Barier Restoring And Protecting Moiturizer","4","SOB001","RDF2504058","1","6","2025","Benjamas Waedudom","","1","1","","","2025-06-06 01:45:52","2025-07-04 04:15:56"
"MF2506002","FM-PD-08","1","TDC50","THAI DAO HERB HERBORA CREAM","2","SOB001","RDF2504073","1","6","2025","Thidapon  Kliangrot","","2","1","","","2025-06-16 02:15:43","2025-07-03 03:45:37"
"MF2506003","FM-PD-08","1","WGB10","W DIARY GLOWY PLUMPING BALM","1","SOB001","RDF2403076","1","6","2025","Thanyanitchawee Sriwaranon","","2","1","","","2025-06-19 03:16:32","2025-06-19 03:53:01"
"MF2506004","FM-PD-08","1","WHS200","W DIARY HYBRID LIGHTWEIGHT BODY SUNSCREEN","2","SOB001","RDF2504015","1","6","2025","Thanyanitchawee Sriwaranon","","2","1","","","2025-06-19 03:26:10","2025-06-19 04:30:26"
"MF2506005","FM-PD-08","1","MLB450","MiniMori Nano Silver Sanitizing Spray (กลิ่น Lavender+peppermint)ขวด","1.2","SOB001","RDF2505080","1","6","2025","Charinthip Thawisirisap","","2","1","","","2025-06-19 07:50:14","2025-06-19 08:08:38"
"MF2506006","FM-PD-08","1","MUB450","MINIMORI NANO SILVER SANITIZING SPRAY (Unscented) ขวด","1.2","SOB001","RDF2505156","1","6","2025","Charinthip Thawisirisap","","2","1","","","2025-06-23 02:56:24","2025-06-23 03:01:23"
"MF2506007","FM-PD-08","1","WRO250","W DIARY REVOLUTIONARY CONCENTRATE BODY TREATMENT OIL (Ver.2)","3","SOB001","RDF2212007","1","6","2025","Charinthip Thawisirisap","","2","1","","","2025-06-23 09:09:59","2025-06-23 09:48:57"
"MF2506008","FM-PD-08","1","AHW250","ATI Hand & Body Wash","11","SOB001","RDF2502057","1","6","2025","Thidapon  Kliangrot","","2","1","","","2025-06-24 03:54:01","2025-07-21 02:12:01"
"MF2506009","FM-PD-08","1","Tester","Multara Treatment","6","SOB001","RDF2506131","1","6","2025","Thanyanitchawee Sriwaranon","","1","1","","","2025-06-24 06:20:16","2025-06-24 06:20:16"
"MF2506010","FM-PD-08","1","Tester","Multara Shampoo","8","SOB001","RDF2506157","1","6","2025","Thanyanitchawee Sriwaranon","","1","1","","","2025-06-24 06:20:34","2025-06-24 06:20:34"
"MF2506011","FM-PD-08","1","AWS10","AIMEE SUMMER TO WINTER DAILY UV HYA SUNSCREEN 10 mL","6","SOB001","RDF2403141","1","6","2025","Charinthip Thawisirisap","","2","1","","","2025-06-25 02:36:25","2025-06-25 03:26:22"
"MF2507001","FM-PD-08","1","HGC8","HOOLA GLOWING SPOTLESS CORRECTOR","1","SOB001","RDF2502054","1","7","2025","wannapa.nor","","2","1","","","2025-07-08 01:54:48","2025-07-17 07:55:36"
"MF2507002","FM-PD-08","1","RAS20","[ยกเลิก]Roukins Anti Acne And Dark Spot Treatment Serum","2","SOB001","RDF2412103","1","7","2025","Charinthip Thawisirisap","","2","1","","","2025-07-14 03:05:55","2025-07-30 03:06:18"
"MF2507003","FM-PD-08","1","WHL200","W DIARY HYDRATATION COMFORT BODY CLOUD LOTION","2","SOB001","RDF2411085","1","7","2025","Charinthip Thawisirisap","","2","1","","","2025-07-22 07:17:34","2025-07-22 07:51:52"
"MF2507004","FM-PD-08","1","LMV8","LA GLACE DAILY MOISTURIZING PADS AQUALOCK12 HYALURONIC COMPLEX ซอง7-11","5.4","SOB001","RDF2408006","1","7","2025","Thanyanitchawee Sriwaranon","","2","1","","","2025-07-24 06:27:49","2025-08-14 10:07:59"
"MF2507005","FM-PD-08","1","LAV8","LA GLACE ACNE CARE DAILY CALMING PADS ACNESPHERE BALANCING SKIN COMPLEX ซอง7-11","6.3","SOB001","RDF2408049","1","7","2025","Thanyanitchawee Sriwaranon","","2","1","","","2025-07-24 06:32:23","2025-07-24 06:35:32"
"MF2507006","FM-PD-08","1","RAS20","ROUKINS ANTI ACNE AND DARK SPOT SERUM","2.1","SOB001","RDF2507217","1","7","2025","Charinthip Thawisirisap","","2","1","","","2025-07-30 03:07:10","2025-07-30 04:46:14"
"MF2508001","FM-PD-08","1","WBO250","W DIARY BLUE MELATINOL BIPHASE BODY SERUM IN OIL (น้ำ)","3","SOB001","RDF2505107","1","8","2025","Charinthip Thawisirisap","","2","1","","","2025-08-01 07:59:33","2025-08-01 09:08:36"
"MF2508002","FM-PD-08","1","WBO250","W DIARY BLUE MELATINOL BIPHASE BODY SERUM IN OIL (ออยล์)","3.2","SOB001","RDF2506176","1","8","2025","Charinthip Thawisirisap","","2","1","","","2025-08-01 08:00:23","2025-09-02 07:03:44"
"MF2508003","FM-PD-08","1","MHS5000","MDPRODUCTS HAIR & CARE SHAMPOO","1","SOB001","RDF2506017","1","8","2025","Thanaporn.Pan","","2","1","","","2025-08-06 03:11:47","2025-08-20 03:16:30"
"MF2508004","FM-PD-08","1","JNK30","JACK NOUVELLE PERFUME (Sky) 30 ml","2","SOB001","RDF2503108","1","8","2025","Charinthip Thawisirisap","","2","1","","","2025-08-11 07:31:24","2025-08-15 04:40:30"
"MF2508005","FM-PD-08","1","JNO30","JACK NOUVELLE PERFUME (Ocean) 30 ml","2","SOB001","RDF2503109","1","8","2025","Charinthip Thawisirisap","","2","1","","","2025-08-11 07:32:22","2025-08-15 04:46:49"
"MF2508006","FM-PD-08","1","JNO5","JACK NOUVELLE PERFUME (Ocean) 5 ml","2","SOB001","RDF2503109","1","8","2025","Charinthip Thawisirisap","","2","1","","","2025-08-11 08:25:36","2025-08-15 04:46:24"
"MF2508007","FM-PD-08","1","JNK5","JACK NOUVELLE PERFUME (Sky) 5 ml","2","SOB001","RDF2503108","1","8","2025","Charinthip Thawisirisap","","2","1","","","2025-08-11 08:30:29","2025-08-15 04:40:02"
"MF2508008","FM-PD-08","1","PUG100","PHARMULAR ULTRAMOIST CLEANSING GEL","9.2","SOB001","RDF2505043","1","8","2025","Charinthip Thawisirisap","","2","1","","","2025-08-13 04:12:21","2025-08-13 06:11:11"
"MF2508009","FM-PD-08","1","HPS30","HER HYNESS HYA+ WATER SUNSCREEN SPF50+ PA++++ 30 ml","1.42","SOB001","RDF2412117","1","8","2025","Charinthip Thawisirisap","","2","1","","","2025-08-13 08:00:47","2025-08-13 08:04:55"
"MF2508010","FM-PD-08","1","HPS2","HER HYNESS HYA+ WATER SUNSCREEN SPF50+ PA++++ 2 ml","1.42","SOB001","RDF2412117","1","8","2025","Charinthip Thawisirisap","","2","1","","","2025-08-13 08:07:11","2025-08-13 08:10:56"
"MF2508011","FM-PD-08","1","HPS7","HER HYNESS HYA+ WATER SUNSCREEN SPF50+ PA++++ 7 ml","1.42","SOB001","RDF2412117","1","8","2025","Charinthip Thawisirisap","","2","1","","","2025-08-13 08:11:58","2025-08-13 08:15:37"
"MF2508012","FM-PD-08","1","MMD5000","MDPRODUCTS MDpal Moisturizing Spray","1","SOB001","RDF2507191","1","8","2025","Sasikan.won","","2","1","","","2025-08-18 02:21:27","2025-08-28 01:52:20"
"MF2508013","FM-PD-08","1","WBO250","[ยกเลิก]W DIARY BLUE MELATINOL BIPHASE BODY SERUM IN OIL (ออยล์)","3.3","SOB001","RDF2507220","1","8","2025","Charinthip Thawisirisap","","2","1","","","2025-08-18 02:40:50","2025-09-02 06:42:49"
"MF2508014","FM-PD-08","1","TZF45","TOEZY FOOT SPA","1","SOB001","RDF2505142","1","8","2025","Thidapon  Kliangrot","","2","1","","","2025-08-19 11:27:23","2025-08-20 01:37:42"
"MF2508015","FM-PD-08","1","MSS100","MERCURI SOAP WITH ALMOND & WALNUT SCRUBS","3.2","SOB001","RDF2506072","1","8","2025","Jiratchaya .cha","","2","1","","","2025-08-20 05:35:04","2025-08-21 07:06:14"
"MF2508016","FM-PD-08","1","NZS12","NANGZIN NAIL SERUM","2.1","SOB001","RDF2505091","1","8","2025","wannapa.nor","","2","1","","","2025-08-22 01:29:27","2025-08-22 04:00:02"
"MF2508017","FM-PD-08","1","DES30","DR.FERN UV SHIELD ENCAP SUNSCREEN SPF50+ PA++++","1","SOB001","RDF2502122","1","8","2025","Thanyanitchawee Sriwaranon","","2","1","","","2025-08-25 04:46:37","2025-08-25 04:52:06"
"MF2508018","FM-PD-08","1","MFS5000","MDPRODUCTS FurryCure Shampoo","1","SOB001","RDF2506062","1","8","2025","Thanyanitchawee Sriwaranon","","1","1","","","2025-08-27 08:11:43","2025-08-27 08:11:43"
"MF2508019","FM-PD-08","1","MMT5000","Mehair Tonic Serum","2","SOB001","RDF2507190","1","8","2025","Thanyanitchawee Sriwaranon","","2","1","","","2025-08-28 02:33:08","2025-08-28 03:55:58"
"MF2508020","FM-PD-08","1","Tester","Multara Hair Scrub","6","SOB001","RDF2505199","1","8","2025","Charinthip Thawisirisap","","1","1","","","2025-08-29 03:41:41","2025-08-29 03:41:41"
"MF2509001","FM-PD-08","1","TGM30","The Genuine The Ultimate Sunscreen For Men","1","SOB001","RDF2506204","1","9","2025","Rinthanan.Sup","","2","1","","","2025-09-01 04:17:29","2025-09-01 06:13:17"
"MF2509002","FM-PD-08","1","TMC50","Toezy Moisturizing foot cream","1","SOB001","RDF2506173","1","9","2025","Rinthanan.Sup","","2","1","","","2025-09-01 06:59:17","2025-09-04 08:52:51"
"MF2509003","FM-PD-08","1","WPS150","W DIARY ORIGINAL EXFOLIATE POWDER SCRUB","6.2","SOB001","RDF2306012","1","9","2025","Thanaporn.Pan","","2","1","","","2025-09-02 10:48:00","2025-09-03 03:23:52"
"MF2509004","FM-PD-08","1","SMP200","Smooth E Cleansing pad","6","SOB001","RDF2508066","1","9","2025","Siriwan.boo","","2","1","","","2025-09-03 09:31:49","2025-09-04 01:55:09"
"MF2509005","FM-PD-08","1","NES","Niki Essentials Essential Solar Shield SPF 50+ PA++++ (รอรหัสFG)","3","SOB001","RDF2503150","1","9","2025","Thanaporn.Pan","","2","1","","","2025-09-12 10:39:40","2025-09-12 10:42:56"
"MF2509006","FM-PD-08","1","PAW200","PHARMULAR ACNE CLEAR BODY WASH","1","SOB001","RDF2508079","1","9","2025","wannapa.nor","","2","1","","","2025-09-15 10:41:42","2025-09-16 02:11:20"
"MF2509007","FM-PD-08","1","POG250","Perfect Organic Ultra mild  shower gel","1","SOB001","RDF2508154","1","9","2025","Thanyanitchawee Sriwaranon","","2","1","","","2025-09-16 01:47:26","2025-09-16 02:07:39"
